,id,metadata,formerIds,instanceId,permanentLocationId,callNumberTypeId,callNumber,holdingsTypeId,hrid,holdingsStatementsForIndexes,holdingsStatements,holdingsStatementsForSupplements,notes,electronicAccess
0,94aec3f1-7f86-557e-8800-a6b0b90fd30a,"{'createdDate': '2022-03-21T22:27:47.650', 'createdByUserId': '60cfc6e2-0de4-4dc3-a947-3b7ae0056eb7', 'updatedDate': '2022-03-21T22:27:47.650', 'updatedByUserId': '60cfc6e2-0de4-4dc3-a947-3b7ae0056eb7'}",['a12357831'],f821c34f-1327-5ad2-9463-e61c0b242ec4,e5c833cb-6bfb-42cb-9716-f30b528f2597,95467209-6d7b-468b-94df-0f5d7ad2747d,PS3602 .A58664 A6 2018,03c9c400-b9e3-4a07-ac0e-05ab470233ed,hld00000501600,,,,,
1,67c2b2ac-2309-536f-adff-7d5974b50395,"{'createdDate': '2022-03-21T22:27:47.651', 'createdByUserId': '60cfc6e2-0de4-4dc3-a947-3b7ae0056eb7', 'updatedDate': '2022-03-21T22:27:47.651', 'updatedByUserId': '60cfc6e2-0de4-4dc3-a947-3b7ae0056eb7'}",['a14024559'],3afb0726-4a42-52fc-84e3-c2a249df36e9,e5c833cb-6bfb-42cb-9716-f30b528f2597,95467209-6d7b-468b-94df-0f5d7ad2747d,N45 .G49 1881 F,03c9c400-b9e3-4a07-ac0e-05ab470233ed,hld00000501601,,,,,
2,498ab24d-ec52-514d-8b94-c4f5d8739979,"{'createdDate': '2022-03-21T22:27:47.651', 'createdByUserId': '60cfc6e2-0de4-4dc3-a947-3b7ae0056eb7', 'updatedDate': '2022-03-21T22:27:47.651', 'updatedByUserId': '60cfc6e2-0de4-4dc3-a947-3b7ae0056eb7'}",['a14030271'],de5bfca3-2600-57c6-a08d-eb92c12da68a,e5c833cb-6bfb-42cb-9716-f30b528f2597,95467209-6d7b-468b-94df-0f5d7ad2747d,K644 .H64 1733,03c9c400-b9e3-4a07-ac0e-05ab470233ed,hld00000501602,,,,,
3,744c11ff-92b2-5c86-94d9-1534e56e1bab,"{'createdDate': '2022-03-21T22:27:47.651', 'createdByUserId': '60cfc6e2-0de4-4dc3-a947-3b7ae0056eb7', 'updatedDate': '2022-03-21T22:27:47.651', 'updatedByUserId': '60cfc6e2-0de4-4dc3-a947-3b7ae0056eb7'}",['a13639073'],0e4c56d7-b7cd-59a2-832c-72679fff9743,e5c833cb-6bfb-42cb-9716-f30b528f2597,95467209-6d7b-468b-94df-0f5d7ad2747d,TR647 .R88 H66 1982 F,03c9c400-b9e3-4a07-ac0e-05ab470233ed,hld00000501603,,,,,
4,2192e1ab-7bbd-5f3b-9709-0c5b6ee80b80,"{'createdDate': '2022-03-21T22:27:47.652', 'createdByUserId': '60cfc6e2-0de4-4dc3-a947-3b7ae0056eb7', 'updatedDate': '2022-03-21T22:27:47.652', 'updatedByUserId': '60cfc6e2-0de4-4dc3-a947-3b7ae0056eb7'}",['a14049268'],667f2fb3-de93-5b06-a90b-9b01f8dae193,e5c833cb-6bfb-42cb-9716-f30b528f2597,95467209-6d7b-468b-94df-0f5d7ad2747d,PQ4128 .C6 O88 1560,03c9c400-b9e3-4a07-ac0e-05ab470233ed,hld00000501604,,,,,
5,15732df4-728f-5f15-a4d2-666a0680329d,"{'createdDate': '2022-03-21T22:27:47.652', 'createdByUserId': '60cfc6e2-0de4-4dc3-a947-3b7ae0056eb7', 'updatedDate': '2022-03-21T22:27:47.652', 'updatedByUserId': '60cfc6e2-0de4-4dc3-a947-3b7ae0056eb7'}",['a3434817'],b90444ae-c7b8-5ef9-9a23-9fb2a5804248,e5c833cb-6bfb-42cb-9716-f30b528f2597,95467209-6d7b-468b-94df-0f5d7ad2747d,BM522.27 .A88 1783,03c9c400-b9e3-4a07-ac0e-05ab470233ed,hld00000501605,,,,,
6,c2ae646c-8c60-5674-b1f8-d52e760c48c5,"{'createdDate': '2022-03-21T22:27:47.652', 'createdByUserId': '60cfc6e2-0de4-4dc3-a947-3b7ae0056eb7', 'updatedDate': '2022-03-21T22:27:47.652', 'updatedByUserId': '60cfc6e2-0de4-4dc3-a947-3b7ae0056eb7'}",['a14158299'],966c9bcf-9d06-53bf-9cf9-1f0eb90de57a,e5c833cb-6bfb-42cb-9716-f30b528f2597,95467209-6d7b-468b-94df-0f5d7ad2747d,NK1530 .F66 1941 FF,03c9c400-b9e3-4a07-ac0e-05ab470233ed,hld00000501606,,,,,
7,909ea11a-507e-56fa-9b76-e4af9a484403,"{'createdDate': '2022-03-21T22:27:47.652', 'createdByUserId': '60cfc6e2-0de4-4dc3-a947-3b7ae0056eb7', 'updatedDate': '2022-03-21T22:27:47.652', 'updatedByUserId': '60cfc6e2-0de4-4dc3-a947-3b7ae0056eb7'}",['a11961875'],c373f3d5-3887-5d33-9577-3da185c188df,3c341f04-0c7c-4766-9771-be7b04beafa6,95467209-6d7b-468b-94df-0f5d7ad2747d,BQ4995 .T36 1886,03c9c400-b9e3-4a07-ac0e-05ab470233ed,hld00000501607,[],[],[],[],[]
8,9c001d3e-2366-5e75-98de-aa86941c1a8f,"{'createdDate': '2022-03-21T22:27:47.653', 'createdByUserId': '60cfc6e2-0de4-4dc3-a947-3b7ae0056eb7', 'updatedDate': '2022-03-21T22:27:47.653', 'updatedByUserId': '60cfc6e2-0de4-4dc3-a947-3b7ae0056eb7'}",['a10498189'],a10eefa2-0406-5e67-8698-7625e86ed2b1,3c341f04-0c7c-4766-9771-be7b04beafa6,95467209-6d7b-468b-94df-0f5d7ad2747d,BQ5075 .B4 M55 1868Z,03c9c400-b9e3-4a07-ac0e-05ab470233ed,hld00000501608,,,,,
9,edb82938-22a3-5d5b-b458-2dec16f50cb2,"{'createdDate': '2022-03-21T22:27:47.653', 'createdByUserId': '60cfc6e2-0de4-4dc3-a947-3b7ae0056eb7', 'updatedDate': '2022-03-21T22:27:47.653', 'updatedByUserId': '60cfc6e2-0de4-4dc3-a947-3b7ae0056eb7'}",['a12196508'],6bf3d8f1-fcdb-59ff-ac83-22a10e84040a,31b201c0-9e43-4f57-90a8-20bae60044b4,95467209-6d7b-468b-94df-0f5d7ad2747d,PN2926 .T32 T385 1959,03c9c400-b9e3-4a07-ac0e-05ab470233ed,hld00000501609,[],[],[],[],[]
10,4e1c96cc-f839-5137-9726-2a848867afe1,"{'createdDate': '2022-03-21T22:27:47.654', 'createdByUserId': '60cfc6e2-0de4-4dc3-a947-3b7ae0056eb7', 'updatedDate': '2022-03-21T22:27:47.654', 'updatedByUserId': '60cfc6e2-0de4-4dc3-a947-3b7ae0056eb7'}",['a13943019'],e09ac94f-1a22-5984-8fc8-971fb36e5eaa,e5c833cb-6bfb-42cb-9716-f30b528f2597,28927d76-e097-4f63-8510-e56f2b7a3ad0,MISC 2763,03c9c400-b9e3-4a07-ac0e-05ab470233ed,hld00000501610,,,,,
11,41d57ca4-576e-5c47-80cd-8ab382651f58,"{'createdDate': '2022-03-21T22:27:47.654', 'createdByUserId': '60cfc6e2-0de4-4dc3-a947-3b7ae0056eb7', 'updatedDate': '2022-03-21T22:27:47.654', 'updatedByUserId': '60cfc6e2-0de4-4dc3-a947-3b7ae0056eb7'}",['a11418092'],1b951e36-e6ec-5eea-a10b-966d7b351d92,e5c833cb-6bfb-42cb-9716-f30b528f2597,28927d76-e097-4f63-8510-e56f2b7a3ad0,M2083,03c9c400-b9e3-4a07-ac0e-05ab470233ed,hld00000501611,,,,,
12,a37f7ece-6437-5527-9674-4be7aa111677,"{'createdDate': '2022-03-21T22:27:47.654', 'createdByUserId': '60cfc6e2-0de4-4dc3-a947-3b7ae0056eb7', 'updatedDate': '2022-03-21T22:27:47.654', 'updatedByUserId': '60cfc6e2-0de4-4dc3-a947-3b7ae0056eb7'}",['a4332640'],50b0e880-46fb-5c59-9d29-ea18611cfc8c,e5c833cb-6bfb-42cb-9716-f30b528f2597,28927d76-e097-4f63-8510-e56f2b7a3ad0,M1090,03c9c400-b9e3-4a07-ac0e-05ab470233ed,hld00000501612,[],[],[],[],[]
13,a37f7ece-6437-5527-9674-4be7aa111677,"{'createdDate': '2022-03-21T22:27:47.666', 'createdByUserId': '60cfc6e2-0de4-4dc3-a947-3b7ae0056eb7', 'updatedDate': '2022-03-21T22:27:47.666', 'updatedByUserId': '60cfc6e2-0de4-4dc3-a947-3b7ae0056eb7'}",['a4332640'],50b0e880-46fb-5c59-9d29-ea18611cfc8c,e5c833cb-6bfb-42cb-9716-f30b528f2597,28927d76-e097-4f63-8510-e56f2b7a3ad0,M1090 SERIES 2 BOX 59,03c9c400-b9e3-4a07-ac0e-05ab470233ed,hld00000501613,,,,,
14,a37f7ece-6437-5527-9674-4be7aa111677,"{'createdDate': '2022-03-21T22:27:47.841', 'createdByUserId': '60cfc6e2-0de4-4dc3-a947-3b7ae0056eb7', 'updatedDate': '2022-03-21T22:27:47.841', 'updatedByUserId': '60cfc6e2-0de4-4dc3-a947-3b7ae0056eb7'}",['a4332640'],50b0e880-46fb-5c59-9d29-ea18611cfc8c,e5c833cb-6bfb-42cb-9716-f30b528f2597,28927d76-e097-4f63-8510-e56f2b7a3ad0,M109,03c9c400-b9e3-4a07-ac0e-05ab470233ed,hld00000501614,[],[],[],[],[]
15,a37f7ece-6437-5527-9674-4be7aa111677,"{'createdDate': '2022-03-21T22:27:47.853', 'createdByUserId': '60cfc6e2-0de4-4dc3-a947-3b7ae0056eb7', 'updatedDate': '2022-03-21T22:27:47.853', 'updatedByUserId': '60cfc6e2-0de4-4dc3-a947-3b7ae0056eb7'}",['a4332640'],50b0e880-46fb-5c59-9d29-ea18611cfc8c,e5c833cb-6bfb-42cb-9716-f30b528f2597,28927d76-e097-4f63-8510-e56f2b7a3ad0,M1090 SERIES 17 FILM 73H,03c9c400-b9e3-4a07-ac0e-05ab470233ed,hld00000501615,,,,,
16,a37f7ece-6437-5527-9674-4be7aa111677,"{'createdDate': '2022-03-21T22:27:48.102', 'createdByUserId': '60cfc6e2-0de4-4dc3-a947-3b7ae0056eb7', 'updatedDate': '2022-03-21T22:27:48.102', 'updatedByUserId': '60cfc6e2-0de4-4dc3-a947-3b7ae0056eb7'}",['a4332640'],50b0e880-46fb-5c59-9d29-ea18611cfc8c,e5c833cb-6bfb-42cb-9716-f30b528f2597,28927d76-e097-4f63-8510-e56f2b7a3ad0,M1090 SERIES 24 BOX 1,03c9c400-b9e3-4a07-ac0e-05ab470233ed,hld00000501616,,,,,
17,a37f7ece-6437-5527-9674-4be7aa111677,"{'createdDate': '2022-03-21T22:27:48.102', 'createdByUserId': '60cfc6e2-0de4-4dc3-a947-3b7ae0056eb7', 'updatedDate': '2022-03-21T22:27:48.102', 'updatedByUserId': '60cfc6e2-0de4-4dc3-a947-3b7ae0056eb7'}",['a4332640'],50b0e880-46fb-5c59-9d29-ea18611cfc8c,e5c833cb-6bfb-42cb-9716-f30b528f2597,28927d76-e097-4f63-8510-e56f2b7a3ad0,M1090 SERIES 24 BOX 2,03c9c400-b9e3-4a07-ac0e-05ab470233ed,hld00000501617,,,,,
18,a37f7ece-6437-5527-9674-4be7aa111677,"{'createdDate': '2022-03-21T22:27:48.103', 'createdByUserId': '60cfc6e2-0de4-4dc3-a947-3b7ae0056eb7', 'updatedDate': '2022-03-21T22:27:48.103', 'updatedByUserId': '60cfc6e2-0de4-4dc3-a947-3b7ae0056eb7'}",['a4332640'],50b0e880-46fb-5c59-9d29-ea18611cfc8c,e5c833cb-6bfb-42cb-9716-f30b528f2597,28927d76-e097-4f63-8510-e56f2b7a3ad0,M1090 SERIES 24 BOX 3,03c9c400-b9e3-4a07-ac0e-05ab470233ed,hld00000501618,,,,,
19,a37f7ece-6437-5527-9674-4be7aa111677,"{'createdDate': '2022-03-21T22:27:48.103', 'createdByUserId': '60cfc6e2-0de4-4dc3-a947-3b7ae0056eb7', 'updatedDate': '2022-03-21T22:27:48.103', 'updatedByUserId': '60cfc6e2-0de4-4dc3-a947-3b7ae0056eb7'}",['a4332640'],50b0e880-46fb-5c59-9d29-ea18611cfc8c,e5c833cb-6bfb-42cb-9716-f30b528f2597,28927d76-e097-4f63-8510-e56f2b7a3ad0,M1090 SERIES 24 BOX 4,03c9c400-b9e3-4a07-ac0e-05ab470233ed,hld00000501619,,,,,
20,a37f7ece-6437-5527-9674-4be7aa111677,"{'createdDate': '2022-03-21T22:27:48.103', 'createdByUserId': '60cfc6e2-0de4-4dc3-a947-3b7ae0056eb7', 'updatedDate': '2022-03-21T22:27:48.103', 'updatedByUserId': '60cfc6e2-0de4-4dc3-a947-3b7ae0056eb7'}",['a4332640'],50b0e880-46fb-5c59-9d29-ea18611cfc8c,e5c833cb-6bfb-42cb-9716-f30b528f2597,28927d76-e097-4f63-8510-e56f2b7a3ad0,M1090 SERIES 24 BOX 5,03c9c400-b9e3-4a07-ac0e-05ab470233ed,hld00000501620,,,,,
21,a37f7ece-6437-5527-9674-4be7aa111677,"{'createdDate': '2022-03-21T22:27:48.103', 'createdByUserId': '60cfc6e2-0de4-4dc3-a947-3b7ae0056eb7', 'updatedDate': '2022-03-21T22:27:48.103', 'updatedByUserId': '60cfc6e2-0de4-4dc3-a947-3b7ae0056eb7'}",['a4332640'],50b0e880-46fb-5c59-9d29-ea18611cfc8c,e5c833cb-6bfb-42cb-9716-f30b528f2597,28927d76-e097-4f63-8510-e56f2b7a3ad0,M1090 SERIES 24 BOX 6,03c9c400-b9e3-4a07-ac0e-05ab470233ed,hld00000501621,,,,,
22,a37f7ece-6437-5527-9674-4be7aa111677,"{'createdDate': '2022-03-21T22:27:48.103', 'createdByUserId': '60cfc6e2-0de4-4dc3-a947-3b7ae0056eb7', 'updatedDate': '2022-03-21T22:27:48.103', 'updatedByUserId': '60cfc6e2-0de4-4dc3-a947-3b7ae0056eb7'}",['a4332640'],50b0e880-46fb-5c59-9d29-ea18611cfc8c,e5c833cb-6bfb-42cb-9716-f30b528f2597,28927d76-e097-4f63-8510-e56f2b7a3ad0,M1090 SERIES 24 BOX 7,03c9c400-b9e3-4a07-ac0e-05ab470233ed,hld00000501622,,,,,
23,a37f7ece-6437-5527-9674-4be7aa111677,"{'createdDate': '2022-03-21T22:27:48.104', 'createdByUserId': '60cfc6e2-0de4-4dc3-a947-3b7ae0056eb7', 'updatedDate': '2022-03-21T22:27:48.104', 'updatedByUserId': '60cfc6e2-0de4-4dc3-a947-3b7ae0056eb7'}",['a4332640'],50b0e880-46fb-5c59-9d29-ea18611cfc8c,e5c833cb-6bfb-42cb-9716-f30b528f2597,28927d76-e097-4f63-8510-e56f2b7a3ad0,M1090 SERIES 24 BOX 8,03c9c400-b9e3-4a07-ac0e-05ab470233ed,hld00000501623,,,,,
24,a37f7ece-6437-5527-9674-4be7aa111677,"{'createdDate': '2022-03-21T22:27:48.104', 'createdByUserId': '60cfc6e2-0de4-4dc3-a947-3b7ae0056eb7', 'updatedDate': '2022-03-21T22:27:48.104', 'updatedByUserId': '60cfc6e2-0de4-4dc3-a947-3b7ae0056eb7'}",['a4332640'],50b0e880-46fb-5c59-9d29-ea18611cfc8c,e5c833cb-6bfb-42cb-9716-f30b528f2597,28927d76-e097-4f63-8510-e56f2b7a3ad0,M1090 SERIES 17 BOX 234,03c9c400-b9e3-4a07-ac0e-05ab470233ed,hld00000501624,,,,,
25,a37f7ece-6437-5527-9674-4be7aa111677,"{'createdDate': '2022-03-21T22:27:48.104', 'createdByUserId': '60cfc6e2-0de4-4dc3-a947-3b7ae0056eb7', 'updatedDate': '2022-03-21T22:27:48.104', 'updatedByUserId': '60cfc6e2-0de4-4dc3-a947-3b7ae0056eb7'}",['a4332640'],50b0e880-46fb-5c59-9d29-ea18611cfc8c,e5c833cb-6bfb-42cb-9716-f30b528f2597,28927d76-e097-4f63-8510-e56f2b7a3ad0,M1090 SERIES 17 BOX 235,03c9c400-b9e3-4a07-ac0e-05ab470233ed,hld00000501625,,,,,
26,a37f7ece-6437-5527-9674-4be7aa111677,"{'createdDate': '2022-03-21T22:27:48.104', 'createdByUserId': '60cfc6e2-0de4-4dc3-a947-3b7ae0056eb7', 'updatedDate': '2022-03-21T22:27:48.104', 'updatedByUserId': '60cfc6e2-0de4-4dc3-a947-3b7ae0056eb7'}",['a4332640'],50b0e880-46fb-5c59-9d29-ea18611cfc8c,e5c833cb-6bfb-42cb-9716-f30b528f2597,28927d76-e097-4f63-8510-e56f2b7a3ad0,M1090 SERIES 17 BOX 236,03c9c400-b9e3-4a07-ac0e-05ab470233ed,hld00000501626,,,,,
27,a37f7ece-6437-5527-9674-4be7aa111677,"{'createdDate': '2022-03-21T22:27:48.104', 'createdByUserId': '60cfc6e2-0de4-4dc3-a947-3b7ae0056eb7', 'updatedDate': '2022-03-21T22:27:48.104', 'updatedByUserId': '60cfc6e2-0de4-4dc3-a947-3b7ae0056eb7'}",['a4332640'],50b0e880-46fb-5c59-9d29-ea18611cfc8c,e5c833cb-6bfb-42cb-9716-f30b528f2597,28927d76-e097-4f63-8510-e56f2b7a3ad0,M1090 SERIES 17 BOX 237,03c9c400-b9e3-4a07-ac0e-05ab470233ed,hld00000501627,,,,,
28,a37f7ece-6437-5527-9674-4be7aa111677,"{'createdDate': '2022-03-21T22:27:48.105', 'createdByUserId': '60cfc6e2-0de4-4dc3-a947-3b7ae0056eb7', 'updatedDate': '2022-03-21T22:27:48.105', 'updatedByUserId': '60cfc6e2-0de4-4dc3-a947-3b7ae0056eb7'}",['a4332640'],50b0e880-46fb-5c59-9d29-ea18611cfc8c,e5c833cb-6bfb-42cb-9716-f30b528f2597,28927d76-e097-4f63-8510-e56f2b7a3ad0,M1090 SERIES 17 BOX 238,03c9c400-b9e3-4a07-ac0e-05ab470233ed,hld00000501628,,,,,
29,a37f7ece-6437-5527-9674-4be7aa111677,"{'createdDate': '2022-03-21T22:27:48.105', 'createdByUserId': '60cfc6e2-0de4-4dc3-a947-3b7ae0056eb7', 'updatedDate': '2022-03-21T22:27:48.105', 'updatedByUserId': '60cfc6e2-0de4-4dc3-a947-3b7ae0056eb7'}",['a4332640'],50b0e880-46fb-5c59-9d29-ea18611cfc8c,e5c833cb-6bfb-42cb-9716-f30b528f2597,28927d76-e097-4f63-8510-e56f2b7a3ad0,M1090 SERIES 17 BOX 239,03c9c400-b9e3-4a07-ac0e-05ab470233ed,hld00000501629,,,,,
30,a37f7ece-6437-5527-9674-4be7aa111677,"{'createdDate': '2022-03-21T22:27:48.105', 'createdByUserId': '60cfc6e2-0de4-4dc3-a947-3b7ae0056eb7', 'updatedDate': '2022-03-21T22:27:48.105', 'updatedByUserId': '60cfc6e2-0de4-4dc3-a947-3b7ae0056eb7'}",['a4332640'],50b0e880-46fb-5c59-9d29-ea18611cfc8c,e5c833cb-6bfb-42cb-9716-f30b528f2597,28927d76-e097-4f63-8510-e56f2b7a3ad0,M1090 SERIES 17 BOX 240,03c9c400-b9e3-4a07-ac0e-05ab470233ed,hld00000501630,,,,,
31,a37f7ece-6437-5527-9674-4be7aa111677,"{'createdDate': '2022-03-21T22:27:48.105', 'createdByUserId': '60cfc6e2-0de4-4dc3-a947-3b7ae0056eb7', 'updatedDate': '2022-03-21T22:27:48.105', 'updatedByUserId': '60cfc6e2-0de4-4dc3-a947-3b7ae0056eb7'}",['a4332640'],50b0e880-46fb-5c59-9d29-ea18611cfc8c,e5c833cb-6bfb-42cb-9716-f30b528f2597,28927d76-e097-4f63-8510-e56f2b7a3ad0,M1090 SERIES 17 BOX 241,03c9c400-b9e3-4a07-ac0e-05ab470233ed,hld00000501631,,,,,
32,a37f7ece-6437-5527-9674-4be7aa111677,"{'createdDate': '2022-03-21T22:27:48.107', 'createdByUserId': '60cfc6e2-0de4-4dc3-a947-3b7ae0056eb7', 'updatedDate': '2022-03-21T22:27:48.107', 'updatedByUserId': '60cfc6e2-0de4-4dc3-a947-3b7ae0056eb7'}",['a4332640'],50b0e880-46fb-5c59-9d29-ea18611cfc8c,e5c833cb-6bfb-42cb-9716-f30b528f2597,28927d76-e097-4f63-8510-e56f2b7a3ad0,M1090 SERIES 19 MODEL 1,03c9c400-b9e3-4a07-ac0e-05ab470233ed,hld00000501632,,,,,
33,a37f7ece-6437-5527-9674-4be7aa111677,"{'createdDate': '2022-03-21T22:27:48.107', 'createdByUserId': '60cfc6e2-0de4-4dc3-a947-3b7ae0056eb7', 'updatedDate': '2022-03-21T22:27:48.107', 'updatedByUserId': '60cfc6e2-0de4-4dc3-a947-3b7ae0056eb7'}",['a4332640'],50b0e880-46fb-5c59-9d29-ea18611cfc8c,e5c833cb-6bfb-42cb-9716-f30b528f2597,28927d76-e097-4f63-8510-e56f2b7a3ad0,M1090 SERIES 19 MODEL 7,03c9c400-b9e3-4a07-ac0e-05ab470233ed,hld00000501633,,,,,
34,a37f7ece-6437-5527-9674-4be7aa111677,"{'createdDate': '2022-03-21T22:27:48.107', 'createdByUserId': '60cfc6e2-0de4-4dc3-a947-3b7ae0056eb7', 'updatedDate': '2022-03-21T22:27:48.107', 'updatedByUserId': '60cfc6e2-0de4-4dc3-a947-3b7ae0056eb7'}",['a4332640'],50b0e880-46fb-5c59-9d29-ea18611cfc8c,e5c833cb-6bfb-42cb-9716-f30b528f2597,28927d76-e097-4f63-8510-e56f2b7a3ad0,M1090 SERIES 19 MODEL 12,03c9c400-b9e3-4a07-ac0e-05ab470233ed,hld00000501634,,,,,
35,a37f7ece-6437-5527-9674-4be7aa111677,"{'createdDate': '2022-03-21T22:27:48.107', 'createdByUserId': '60cfc6e2-0de4-4dc3-a947-3b7ae0056eb7', 'updatedDate': '2022-03-21T22:27:48.107', 'updatedByUserId': '60cfc6e2-0de4-4dc3-a947-3b7ae0056eb7'}",['a4332640'],50b0e880-46fb-5c59-9d29-ea18611cfc8c,e5c833cb-6bfb-42cb-9716-f30b528f2597,28927d76-e097-4f63-8510-e56f2b7a3ad0,M1090 SERIES 19 MODEL 23,03c9c400-b9e3-4a07-ac0e-05ab470233ed,hld00000501635,,,,,
36,a37f7ece-6437-5527-9674-4be7aa111677,"{'createdDate': '2022-03-21T22:27:48.107', 'createdByUserId': '60cfc6e2-0de4-4dc3-a947-3b7ae0056eb7', 'updatedDate': '2022-03-21T22:27:48.108', 'updatedByUserId': '60cfc6e2-0de4-4dc3-a947-3b7ae0056eb7'}",['a4332640'],50b0e880-46fb-5c59-9d29-ea18611cfc8c,e5c833cb-6bfb-42cb-9716-f30b528f2597,28927d76-e097-4f63-8510-e56f2b7a3ad0,M1090 SERIES 19 MODEL 24,03c9c400-b9e3-4a07-ac0e-05ab470233ed,hld00000501636,,,,,
37,a37f7ece-6437-5527-9674-4be7aa111677,"{'createdDate': '2022-03-21T22:27:48.108', 'createdByUserId': '60cfc6e2-0de4-4dc3-a947-3b7ae0056eb7', 'updatedDate': '2022-03-21T22:27:48.108', 'updatedByUserId': '60cfc6e2-0de4-4dc3-a947-3b7ae0056eb7'}",['a4332640'],50b0e880-46fb-5c59-9d29-ea18611cfc8c,e5c833cb-6bfb-42cb-9716-f30b528f2597,28927d76-e097-4f63-8510-e56f2b7a3ad0,M1090 SERIES 19 MODEL 26,03c9c400-b9e3-4a07-ac0e-05ab470233ed,hld00000501637,,,,,
38,a37f7ece-6437-5527-9674-4be7aa111677,"{'createdDate': '2022-03-21T22:27:48.108', 'createdByUserId': '60cfc6e2-0de4-4dc3-a947-3b7ae0056eb7', 'updatedDate': '2022-03-21T22:27:48.108', 'updatedByUserId': '60cfc6e2-0de4-4dc3-a947-3b7ae0056eb7'}",['a4332640'],50b0e880-46fb-5c59-9d29-ea18611cfc8c,e5c833cb-6bfb-42cb-9716-f30b528f2597,28927d76-e097-4f63-8510-e56f2b7a3ad0,M1090 SERIES 19 MODEL 32,03c9c400-b9e3-4a07-ac0e-05ab470233ed,hld00000501638,,,,,
39,a37f7ece-6437-5527-9674-4be7aa111677,"{'createdDate': '2022-03-21T22:27:48.108', 'createdByUserId': '60cfc6e2-0de4-4dc3-a947-3b7ae0056eb7', 'updatedDate': '2022-03-21T22:27:48.108', 'updatedByUserId': '60cfc6e2-0de4-4dc3-a947-3b7ae0056eb7'}",['a4332640'],50b0e880-46fb-5c59-9d29-ea18611cfc8c,e5c833cb-6bfb-42cb-9716-f30b528f2597,28927d76-e097-4f63-8510-e56f2b7a3ad0,M1090 SERIES 19 MODEL 33,03c9c400-b9e3-4a07-ac0e-05ab470233ed,hld00000501639,,,,,
40,a37f7ece-6437-5527-9674-4be7aa111677,"{'createdDate': '2022-03-21T22:27:48.108', 'createdByUserId': '60cfc6e2-0de4-4dc3-a947-3b7ae0056eb7', 'updatedDate': '2022-03-21T22:27:48.108', 'updatedByUserId': '60cfc6e2-0de4-4dc3-a947-3b7ae0056eb7'}",['a4332640'],50b0e880-46fb-5c59-9d29-ea18611cfc8c,e5c833cb-6bfb-42cb-9716-f30b528f2597,28927d76-e097-4f63-8510-e56f2b7a3ad0,M1090 SERIES 19 MODEL 35,03c9c400-b9e3-4a07-ac0e-05ab470233ed,hld00000501640,,,,,
41,a37f7ece-6437-5527-9674-4be7aa111677,"{'createdDate': '2022-03-21T22:27:48.108', 'createdByUserId': '60cfc6e2-0de4-4dc3-a947-3b7ae0056eb7', 'updatedDate': '2022-03-21T22:27:48.108', 'updatedByUserId': '60cfc6e2-0de4-4dc3-a947-3b7ae0056eb7'}",['a4332640'],50b0e880-46fb-5c59-9d29-ea18611cfc8c,e5c833cb-6bfb-42cb-9716-f30b528f2597,28927d76-e097-4f63-8510-e56f2b7a3ad0,M1090 SERIES 19 MODEL 37,03c9c400-b9e3-4a07-ac0e-05ab470233ed,hld00000501641,,,,,
42,a37f7ece-6437-5527-9674-4be7aa111677,"{'createdDate': '2022-03-21T22:27:48.109', 'createdByUserId': '60cfc6e2-0de4-4dc3-a947-3b7ae0056eb7', 'updatedDate': '2022-03-21T22:27:48.109', 'updatedByUserId': '60cfc6e2-0de4-4dc3-a947-3b7ae0056eb7'}",['a4332640'],50b0e880-46fb-5c59-9d29-ea18611cfc8c,e5c833cb-6bfb-42cb-9716-f30b528f2597,28927d76-e097-4f63-8510-e56f2b7a3ad0,M1090 SERIES 19 MODEL 38,03c9c400-b9e3-4a07-ac0e-05ab470233ed,hld00000501642,,,,,
43,a37f7ece-6437-5527-9674-4be7aa111677,"{'createdDate': '2022-03-21T22:27:48.109', 'createdByUserId': '60cfc6e2-0de4-4dc3-a947-3b7ae0056eb7', 'updatedDate': '2022-03-21T22:27:48.109', 'updatedByUserId': '60cfc6e2-0de4-4dc3-a947-3b7ae0056eb7'}",['a4332640'],50b0e880-46fb-5c59-9d29-ea18611cfc8c,e5c833cb-6bfb-42cb-9716-f30b528f2597,28927d76-e097-4f63-8510-e56f2b7a3ad0,M1090 SERIES 19 MODEL 40,03c9c400-b9e3-4a07-ac0e-05ab470233ed,hld00000501643,,,,,
44,a37f7ece-6437-5527-9674-4be7aa111677,"{'createdDate': '2022-03-21T22:27:48.109', 'createdByUserId': '60cfc6e2-0de4-4dc3-a947-3b7ae0056eb7', 'updatedDate': '2022-03-21T22:27:48.109', 'updatedByUserId': '60cfc6e2-0de4-4dc3-a947-3b7ae0056eb7'}",['a4332640'],50b0e880-46fb-5c59-9d29-ea18611cfc8c,e5c833cb-6bfb-42cb-9716-f30b528f2597,28927d76-e097-4f63-8510-e56f2b7a3ad0,M1090 SERIES 19 MODEL 41,03c9c400-b9e3-4a07-ac0e-05ab470233ed,hld00000501644,,,,,
45,a37f7ece-6437-5527-9674-4be7aa111677,"{'createdDate': '2022-03-21T22:27:48.109', 'createdByUserId': '60cfc6e2-0de4-4dc3-a947-3b7ae0056eb7', 'updatedDate': '2022-03-21T22:27:48.109', 'updatedByUserId': '60cfc6e2-0de4-4dc3-a947-3b7ae0056eb7'}",['a4332640'],50b0e880-46fb-5c59-9d29-ea18611cfc8c,e5c833cb-6bfb-42cb-9716-f30b528f2597,28927d76-e097-4f63-8510-e56f2b7a3ad0,M1090 SERIES 19 MODEL 59-A,03c9c400-b9e3-4a07-ac0e-05ab470233ed,hld00000501645,,,,,
46,a37f7ece-6437-5527-9674-4be7aa111677,"{'createdDate': '2022-03-21T22:27:48.109', 'createdByUserId': '60cfc6e2-0de4-4dc3-a947-3b7ae0056eb7', 'updatedDate': '2022-03-21T22:27:48.109', 'updatedByUserId': '60cfc6e2-0de4-4dc3-a947-3b7ae0056eb7'}",['a4332640'],50b0e880-46fb-5c59-9d29-ea18611cfc8c,e5c833cb-6bfb-42cb-9716-f30b528f2597,28927d76-e097-4f63-8510-e56f2b7a3ad0,M1090 SERIES 19 MODEL 74,03c9c400-b9e3-4a07-ac0e-05ab470233ed,hld00000501646,,,,,
47,a37f7ece-6437-5527-9674-4be7aa111677,"{'createdDate': '2022-03-21T22:27:48.110', 'createdByUserId': '60cfc6e2-0de4-4dc3-a947-3b7ae0056eb7', 'updatedDate': '2022-03-21T22:27:48.110', 'updatedByUserId': '60cfc6e2-0de4-4dc3-a947-3b7ae0056eb7'}",['a4332640'],50b0e880-46fb-5c59-9d29-ea18611cfc8c,e5c833cb-6bfb-42cb-9716-f30b528f2597,28927d76-e097-4f63-8510-e56f2b7a3ad0,M1090 SERIES 19 MODEL 75,03c9c400-b9e3-4a07-ac0e-05ab470233ed,hld00000501647,,,,,
48,a37f7ece-6437-5527-9674-4be7aa111677,"{'createdDate': '2022-03-21T22:27:48.110', 'createdByUserId': '60cfc6e2-0de4-4dc3-a947-3b7ae0056eb7', 'updatedDate': '2022-03-21T22:27:48.110', 'updatedByUserId': '60cfc6e2-0de4-4dc3-a947-3b7ae0056eb7'}",['a4332640'],50b0e880-46fb-5c59-9d29-ea18611cfc8c,e5c833cb-6bfb-42cb-9716-f30b528f2597,28927d76-e097-4f63-8510-e56f2b7a3ad0,M1090 SERIES 19 MODEL 21,03c9c400-b9e3-4a07-ac0e-05ab470233ed,hld00000501648,,,,,
49,a37f7ece-6437-5527-9674-4be7aa111677,"{'createdDate': '2022-03-21T22:27:48.110', 'createdByUserId': '60cfc6e2-0de4-4dc3-a947-3b7ae0056eb7', 'updatedDate': '2022-03-21T22:27:48.110', 'updatedByUserId': '60cfc6e2-0de4-4dc3-a947-3b7ae0056eb7'}",['a4332640'],50b0e880-46fb-5c59-9d29-ea18611cfc8c,e5c833cb-6bfb-42cb-9716-f30b528f2597,28927d76-e097-4f63-8510-e56f2b7a3ad0,M1090 SERIES 19 MODEL 29,03c9c400-b9e3-4a07-ac0e-05ab470233ed,hld00000501649,,,,,
50,a37f7ece-6437-5527-9674-4be7aa111677,"{'createdDate': '2022-03-21T22:27:48.110', 'createdByUserId': '60cfc6e2-0de4-4dc3-a947-3b7ae0056eb7', 'updatedDate': '2022-03-21T22:27:48.110', 'updatedByUserId': '60cfc6e2-0de4-4dc3-a947-3b7ae0056eb7'}",['a4332640'],50b0e880-46fb-5c59-9d29-ea18611cfc8c,e5c833cb-6bfb-42cb-9716-f30b528f2597,28927d76-e097-4f63-8510-e56f2b7a3ad0,M1090 SERIES 19 MODEL 31,03c9c400-b9e3-4a07-ac0e-05ab470233ed,hld00000501650,,,,,
51,a37f7ece-6437-5527-9674-4be7aa111677,"{'createdDate': '2022-03-21T22:27:48.110', 'createdByUserId': '60cfc6e2-0de4-4dc3-a947-3b7ae0056eb7', 'updatedDate': '2022-03-21T22:27:48.110', 'updatedByUserId': '60cfc6e2-0de4-4dc3-a947-3b7ae0056eb7'}",['a4332640'],50b0e880-46fb-5c59-9d29-ea18611cfc8c,e5c833cb-6bfb-42cb-9716-f30b528f2597,28927d76-e097-4f63-8510-e56f2b7a3ad0,M1090 SERIES 19 MODEL 69,03c9c400-b9e3-4a07-ac0e-05ab470233ed,hld00000501651,,,,,
52,a37f7ece-6437-5527-9674-4be7aa111677,"{'createdDate': '2022-03-21T22:27:48.111', 'createdByUserId': '60cfc6e2-0de4-4dc3-a947-3b7ae0056eb7', 'updatedDate': '2022-03-21T22:27:48.111', 'updatedByUserId': '60cfc6e2-0de4-4dc3-a947-3b7ae0056eb7'}",['a4332640'],50b0e880-46fb-5c59-9d29-ea18611cfc8c,e5c833cb-6bfb-42cb-9716-f30b528f2597,28927d76-e097-4f63-8510-e56f2b7a3ad0,M1090 SERIES 19 MODEL 70,03c9c400-b9e3-4a07-ac0e-05ab470233ed,hld00000501652,,,,,
53,a37f7ece-6437-5527-9674-4be7aa111677,"{'createdDate': '2022-03-21T22:27:48.111', 'createdByUserId': '60cfc6e2-0de4-4dc3-a947-3b7ae0056eb7', 'updatedDate': '2022-03-21T22:27:48.111', 'updatedByUserId': '60cfc6e2-0de4-4dc3-a947-3b7ae0056eb7'}",['a4332640'],50b0e880-46fb-5c59-9d29-ea18611cfc8c,e5c833cb-6bfb-42cb-9716-f30b528f2597,28927d76-e097-4f63-8510-e56f2b7a3ad0,M1090 SERIES 19 MODEL 72,03c9c400-b9e3-4a07-ac0e-05ab470233ed,hld00000501653,,,,,
54,a37f7ece-6437-5527-9674-4be7aa111677,"{'createdDate': '2022-03-21T22:27:48.111', 'createdByUserId': '60cfc6e2-0de4-4dc3-a947-3b7ae0056eb7', 'updatedDate': '2022-03-21T22:27:48.111', 'updatedByUserId': '60cfc6e2-0de4-4dc3-a947-3b7ae0056eb7'}",['a4332640'],50b0e880-46fb-5c59-9d29-ea18611cfc8c,e5c833cb-6bfb-42cb-9716-f30b528f2597,28927d76-e097-4f63-8510-e56f2b7a3ad0,"M1090 SERIES 19 MODEL 77, 78",03c9c400-b9e3-4a07-ac0e-05ab470233ed,hld00000501654,,,,,
55,a37f7ece-6437-5527-9674-4be7aa111677,"{'createdDate': '2022-03-21T22:27:48.111', 'createdByUserId': '60cfc6e2-0de4-4dc3-a947-3b7ae0056eb7', 'updatedDate': '2022-03-21T22:27:48.111', 'updatedByUserId': '60cfc6e2-0de4-4dc3-a947-3b7ae0056eb7'}",['a4332640'],50b0e880-46fb-5c59-9d29-ea18611cfc8c,e5c833cb-6bfb-42cb-9716-f30b528f2597,28927d76-e097-4f63-8510-e56f2b7a3ad0,M1090 SERIES 19 MODEL 79,03c9c400-b9e3-4a07-ac0e-05ab470233ed,hld00000501655,,,,,
56,a37f7ece-6437-5527-9674-4be7aa111677,"{'createdDate': '2022-03-21T22:27:48.111', 'createdByUserId': '60cfc6e2-0de4-4dc3-a947-3b7ae0056eb7', 'updatedDate': '2022-03-21T22:27:48.111', 'updatedByUserId': '60cfc6e2-0de4-4dc3-a947-3b7ae0056eb7'}",['a4332640'],50b0e880-46fb-5c59-9d29-ea18611cfc8c,e5c833cb-6bfb-42cb-9716-f30b528f2597,28927d76-e097-4f63-8510-e56f2b7a3ad0,M1090 SERIES 19 MODEL 80,03c9c400-b9e3-4a07-ac0e-05ab470233ed,hld00000501656,,,,,
57,a37f7ece-6437-5527-9674-4be7aa111677,"{'createdDate': '2022-03-21T22:27:48.112', 'createdByUserId': '60cfc6e2-0de4-4dc3-a947-3b7ae0056eb7', 'updatedDate': '2022-03-21T22:27:48.112', 'updatedByUserId': '60cfc6e2-0de4-4dc3-a947-3b7ae0056eb7'}",['a4332640'],50b0e880-46fb-5c59-9d29-ea18611cfc8c,e5c833cb-6bfb-42cb-9716-f30b528f2597,28927d76-e097-4f63-8510-e56f2b7a3ad0,M1090 SERIES 19 MODEL 84,03c9c400-b9e3-4a07-ac0e-05ab470233ed,hld00000501657,,,,,
58,a37f7ece-6437-5527-9674-4be7aa111677,"{'createdDate': '2022-03-21T22:27:48.112', 'createdByUserId': '60cfc6e2-0de4-4dc3-a947-3b7ae0056eb7', 'updatedDate': '2022-03-21T22:27:48.112', 'updatedByUserId': '60cfc6e2-0de4-4dc3-a947-3b7ae0056eb7'}",['a4332640'],50b0e880-46fb-5c59-9d29-ea18611cfc8c,e5c833cb-6bfb-42cb-9716-f30b528f2597,28927d76-e097-4f63-8510-e56f2b7a3ad0,M1090 SERIES 19 MODEL 87,03c9c400-b9e3-4a07-ac0e-05ab470233ed,hld00000501658,,,,,
59,a37f7ece-6437-5527-9674-4be7aa111677,"{'createdDate': '2022-03-21T22:27:48.112', 'createdByUserId': '60cfc6e2-0de4-4dc3-a947-3b7ae0056eb7', 'updatedDate': '2022-03-21T22:27:48.112', 'updatedByUserId': '60cfc6e2-0de4-4dc3-a947-3b7ae0056eb7'}",['a4332640'],50b0e880-46fb-5c59-9d29-ea18611cfc8c,e5c833cb-6bfb-42cb-9716-f30b528f2597,28927d76-e097-4f63-8510-e56f2b7a3ad0,"M1090 SERIES 19 MODEL 88, 89",03c9c400-b9e3-4a07-ac0e-05ab470233ed,hld00000501659,,,,,
60,a37f7ece-6437-5527-9674-4be7aa111677,"{'createdDate': '2022-03-21T22:27:48.112', 'createdByUserId': '60cfc6e2-0de4-4dc3-a947-3b7ae0056eb7', 'updatedDate': '2022-03-21T22:27:48.112', 'updatedByUserId': '60cfc6e2-0de4-4dc3-a947-3b7ae0056eb7'}",['a4332640'],50b0e880-46fb-5c59-9d29-ea18611cfc8c,e5c833cb-6bfb-42cb-9716-f30b528f2597,28927d76-e097-4f63-8510-e56f2b7a3ad0,M1090 SERIES 19 MODEL 110,03c9c400-b9e3-4a07-ac0e-05ab470233ed,hld00000501660,,,,,
61,a37f7ece-6437-5527-9674-4be7aa111677,"{'createdDate': '2022-03-21T22:27:48.112', 'createdByUserId': '60cfc6e2-0de4-4dc3-a947-3b7ae0056eb7', 'updatedDate': '2022-03-21T22:27:48.112', 'updatedByUserId': '60cfc6e2-0de4-4dc3-a947-3b7ae0056eb7'}",['a4332640'],50b0e880-46fb-5c59-9d29-ea18611cfc8c,e5c833cb-6bfb-42cb-9716-f30b528f2597,28927d76-e097-4f63-8510-e56f2b7a3ad0,M1090 SERIES 19 MODEL 116,03c9c400-b9e3-4a07-ac0e-05ab470233ed,hld00000501661,,,,,
62,a37f7ece-6437-5527-9674-4be7aa111677,"{'createdDate': '2022-03-21T22:27:48.113', 'createdByUserId': '60cfc6e2-0de4-4dc3-a947-3b7ae0056eb7', 'updatedDate': '2022-03-21T22:27:48.113', 'updatedByUserId': '60cfc6e2-0de4-4dc3-a947-3b7ae0056eb7'}",['a4332640'],50b0e880-46fb-5c59-9d29-ea18611cfc8c,e5c833cb-6bfb-42cb-9716-f30b528f2597,28927d76-e097-4f63-8510-e56f2b7a3ad0,M1090 SERIES 19 MODEL 122,03c9c400-b9e3-4a07-ac0e-05ab470233ed,hld00000501662,,,,,
63,a37f7ece-6437-5527-9674-4be7aa111677,"{'createdDate': '2022-03-21T22:27:48.113', 'createdByUserId': '60cfc6e2-0de4-4dc3-a947-3b7ae0056eb7', 'updatedDate': '2022-03-21T22:27:48.113', 'updatedByUserId': '60cfc6e2-0de4-4dc3-a947-3b7ae0056eb7'}",['a4332640'],50b0e880-46fb-5c59-9d29-ea18611cfc8c,e5c833cb-6bfb-42cb-9716-f30b528f2597,28927d76-e097-4f63-8510-e56f2b7a3ad0,M1090 SERIES 19 MODEL 124,03c9c400-b9e3-4a07-ac0e-05ab470233ed,hld00000501663,,,,,
64,a37f7ece-6437-5527-9674-4be7aa111677,"{'createdDate': '2022-03-21T22:27:48.113', 'createdByUserId': '60cfc6e2-0de4-4dc3-a947-3b7ae0056eb7', 'updatedDate': '2022-03-21T22:27:48.113', 'updatedByUserId': '60cfc6e2-0de4-4dc3-a947-3b7ae0056eb7'}",['a4332640'],50b0e880-46fb-5c59-9d29-ea18611cfc8c,e5c833cb-6bfb-42cb-9716-f30b528f2597,28927d76-e097-4f63-8510-e56f2b7a3ad0,"M1090 SERIES 19 MODEL 97, 98, 100, 101",03c9c400-b9e3-4a07-ac0e-05ab470233ed,hld00000501664,,,,,
65,a37f7ece-6437-5527-9674-4be7aa111677,"{'createdDate': '2022-03-21T22:27:48.113', 'createdByUserId': '60cfc6e2-0de4-4dc3-a947-3b7ae0056eb7', 'updatedDate': '2022-03-21T22:27:48.113', 'updatedByUserId': '60cfc6e2-0de4-4dc3-a947-3b7ae0056eb7'}",['a4332640'],50b0e880-46fb-5c59-9d29-ea18611cfc8c,e5c833cb-6bfb-42cb-9716-f30b528f2597,28927d76-e097-4f63-8510-e56f2b7a3ad0,"M1090 SERIES 19 MODEL 102, 103, 104",03c9c400-b9e3-4a07-ac0e-05ab470233ed,hld00000501665,,,,,
66,a37f7ece-6437-5527-9674-4be7aa111677,"{'createdDate': '2022-03-21T22:27:48.113', 'createdByUserId': '60cfc6e2-0de4-4dc3-a947-3b7ae0056eb7', 'updatedDate': '2022-03-21T22:27:48.113', 'updatedByUserId': '60cfc6e2-0de4-4dc3-a947-3b7ae0056eb7'}",['a4332640'],50b0e880-46fb-5c59-9d29-ea18611cfc8c,e5c833cb-6bfb-42cb-9716-f30b528f2597,28927d76-e097-4f63-8510-e56f2b7a3ad0,M1090 SERIES 19 MODEL 127,03c9c400-b9e3-4a07-ac0e-05ab470233ed,hld00000501666,,,,,
67,a37f7ece-6437-5527-9674-4be7aa111677,"{'createdDate': '2022-03-21T22:27:48.114', 'createdByUserId': '60cfc6e2-0de4-4dc3-a947-3b7ae0056eb7', 'updatedDate': '2022-03-21T22:27:48.114', 'updatedByUserId': '60cfc6e2-0de4-4dc3-a947-3b7ae0056eb7'}",['a4332640'],50b0e880-46fb-5c59-9d29-ea18611cfc8c,e5c833cb-6bfb-42cb-9716-f30b528f2597,28927d76-e097-4f63-8510-e56f2b7a3ad0,M1090 SERIES 19 MODEL 128,03c9c400-b9e3-4a07-ac0e-05ab470233ed,hld00000501667,,,,,
68,a37f7ece-6437-5527-9674-4be7aa111677,"{'createdDate': '2022-03-21T22:27:48.114', 'createdByUserId': '60cfc6e2-0de4-4dc3-a947-3b7ae0056eb7', 'updatedDate': '2022-03-21T22:27:48.114', 'updatedByUserId': '60cfc6e2-0de4-4dc3-a947-3b7ae0056eb7'}",['a4332640'],50b0e880-46fb-5c59-9d29-ea18611cfc8c,e5c833cb-6bfb-42cb-9716-f30b528f2597,28927d76-e097-4f63-8510-e56f2b7a3ad0,M1090 SERIES 19 MODEL 129,03c9c400-b9e3-4a07-ac0e-05ab470233ed,hld00000501668,,,,,
69,a37f7ece-6437-5527-9674-4be7aa111677,"{'createdDate': '2022-03-21T22:27:48.114', 'createdByUserId': '60cfc6e2-0de4-4dc3-a947-3b7ae0056eb7', 'updatedDate': '2022-03-21T22:27:48.114', 'updatedByUserId': '60cfc6e2-0de4-4dc3-a947-3b7ae0056eb7'}",['a4332640'],50b0e880-46fb-5c59-9d29-ea18611cfc8c,e5c833cb-6bfb-42cb-9716-f30b528f2597,28927d76-e097-4f63-8510-e56f2b7a3ad0,M1090 SERIES 27 BOX 1,03c9c400-b9e3-4a07-ac0e-05ab470233ed,hld00000501669,,,,,
70,a37f7ece-6437-5527-9674-4be7aa111677,"{'createdDate': '2022-03-21T22:27:48.114', 'createdByUserId': '60cfc6e2-0de4-4dc3-a947-3b7ae0056eb7', 'updatedDate': '2022-03-21T22:27:48.114', 'updatedByUserId': '60cfc6e2-0de4-4dc3-a947-3b7ae0056eb7'}",['a4332640'],50b0e880-46fb-5c59-9d29-ea18611cfc8c,e5c833cb-6bfb-42cb-9716-f30b528f2597,28927d76-e097-4f63-8510-e56f2b7a3ad0,M1090 SERIES 27 BOX 2,03c9c400-b9e3-4a07-ac0e-05ab470233ed,hld00000501670,,,,,
71,a37f7ece-6437-5527-9674-4be7aa111677,"{'createdDate': '2022-03-21T22:27:48.115', 'createdByUserId': '60cfc6e2-0de4-4dc3-a947-3b7ae0056eb7', 'updatedDate': '2022-03-21T22:27:48.115', 'updatedByUserId': '60cfc6e2-0de4-4dc3-a947-3b7ae0056eb7'}",['a4332640'],50b0e880-46fb-5c59-9d29-ea18611cfc8c,e5c833cb-6bfb-42cb-9716-f30b528f2597,28927d76-e097-4f63-8510-e56f2b7a3ad0,M1090 SERIES 27 BOX 3,03c9c400-b9e3-4a07-ac0e-05ab470233ed,hld00000501671,,,,,
72,a37f7ece-6437-5527-9674-4be7aa111677,"{'createdDate': '2022-03-21T22:27:48.115', 'createdByUserId': '60cfc6e2-0de4-4dc3-a947-3b7ae0056eb7', 'updatedDate': '2022-03-21T22:27:48.115', 'updatedByUserId': '60cfc6e2-0de4-4dc3-a947-3b7ae0056eb7'}",['a4332640'],50b0e880-46fb-5c59-9d29-ea18611cfc8c,e5c833cb-6bfb-42cb-9716-f30b528f2597,28927d76-e097-4f63-8510-e56f2b7a3ad0,M1090 SERIES 27 BOX 4,03c9c400-b9e3-4a07-ac0e-05ab470233ed,hld00000501672,,,,,
73,a37f7ece-6437-5527-9674-4be7aa111677,"{'createdDate': '2022-03-21T22:27:48.115', 'createdByUserId': '60cfc6e2-0de4-4dc3-a947-3b7ae0056eb7', 'updatedDate': '2022-03-21T22:27:48.115', 'updatedByUserId': '60cfc6e2-0de4-4dc3-a947-3b7ae0056eb7'}",['a4332640'],50b0e880-46fb-5c59-9d29-ea18611cfc8c,e5c833cb-6bfb-42cb-9716-f30b528f2597,28927d76-e097-4f63-8510-e56f2b7a3ad0,M1090 SERIES 27 BOX 5,03c9c400-b9e3-4a07-ac0e-05ab470233ed,hld00000501673,,,,,
74,a37f7ece-6437-5527-9674-4be7aa111677,"{'createdDate': '2022-03-21T22:27:48.115', 'createdByUserId': '60cfc6e2-0de4-4dc3-a947-3b7ae0056eb7', 'updatedDate': '2022-03-21T22:27:48.115', 'updatedByUserId': '60cfc6e2-0de4-4dc3-a947-3b7ae0056eb7'}",['a4332640'],50b0e880-46fb-5c59-9d29-ea18611cfc8c,e5c833cb-6bfb-42cb-9716-f30b528f2597,28927d76-e097-4f63-8510-e56f2b7a3ad0,M1090 SERIES 27 BOX 6,03c9c400-b9e3-4a07-ac0e-05ab470233ed,hld00000501674,,,,,
75,a37f7ece-6437-5527-9674-4be7aa111677,"{'createdDate': '2022-03-21T22:27:48.115', 'createdByUserId': '60cfc6e2-0de4-4dc3-a947-3b7ae0056eb7', 'updatedDate': '2022-03-21T22:27:48.115', 'updatedByUserId': '60cfc6e2-0de4-4dc3-a947-3b7ae0056eb7'}",['a4332640'],50b0e880-46fb-5c59-9d29-ea18611cfc8c,e5c833cb-6bfb-42cb-9716-f30b528f2597,28927d76-e097-4f63-8510-e56f2b7a3ad0,M1090 SERIES 27 BOX 7,03c9c400-b9e3-4a07-ac0e-05ab470233ed,hld00000501675,,,,,
76,a37f7ece-6437-5527-9674-4be7aa111677,"{'createdDate': '2022-03-21T22:27:48.116', 'createdByUserId': '60cfc6e2-0de4-4dc3-a947-3b7ae0056eb7', 'updatedDate': '2022-03-21T22:27:48.116', 'updatedByUserId': '60cfc6e2-0de4-4dc3-a947-3b7ae0056eb7'}",['a4332640'],50b0e880-46fb-5c59-9d29-ea18611cfc8c,e5c833cb-6bfb-42cb-9716-f30b528f2597,28927d76-e097-4f63-8510-e56f2b7a3ad0,M1090 SERIES 27 BOX 8,03c9c400-b9e3-4a07-ac0e-05ab470233ed,hld00000501676,,,,,
77,a37f7ece-6437-5527-9674-4be7aa111677,"{'createdDate': '2022-03-21T22:27:48.116', 'createdByUserId': '60cfc6e2-0de4-4dc3-a947-3b7ae0056eb7', 'updatedDate': '2022-03-21T22:27:48.116', 'updatedByUserId': '60cfc6e2-0de4-4dc3-a947-3b7ae0056eb7'}",['a4332640'],50b0e880-46fb-5c59-9d29-ea18611cfc8c,e5c833cb-6bfb-42cb-9716-f30b528f2597,28927d76-e097-4f63-8510-e56f2b7a3ad0,M1090 SERIES 27 BOX 9,03c9c400-b9e3-4a07-ac0e-05ab470233ed,hld00000501677,,,,,
78,a37f7ece-6437-5527-9674-4be7aa111677,"{'createdDate': '2022-03-21T22:27:48.116', 'createdByUserId': '60cfc6e2-0de4-4dc3-a947-3b7ae0056eb7', 'updatedDate': '2022-03-21T22:27:48.116', 'updatedByUserId': '60cfc6e2-0de4-4dc3-a947-3b7ae0056eb7'}",['a4332640'],50b0e880-46fb-5c59-9d29-ea18611cfc8c,e5c833cb-6bfb-42cb-9716-f30b528f2597,28927d76-e097-4f63-8510-e56f2b7a3ad0,M1090 SERIES 27 BOX 10,03c9c400-b9e3-4a07-ac0e-05ab470233ed,hld00000501678,,,,,
79,a37f7ece-6437-5527-9674-4be7aa111677,"{'createdDate': '2022-03-21T22:27:48.116', 'createdByUserId': '60cfc6e2-0de4-4dc3-a947-3b7ae0056eb7', 'updatedDate': '2022-03-21T22:27:48.116', 'updatedByUserId': '60cfc6e2-0de4-4dc3-a947-3b7ae0056eb7'}",['a4332640'],50b0e880-46fb-5c59-9d29-ea18611cfc8c,e5c833cb-6bfb-42cb-9716-f30b528f2597,28927d76-e097-4f63-8510-e56f2b7a3ad0,M1090 SERIES 27 BOX 11,03c9c400-b9e3-4a07-ac0e-05ab470233ed,hld00000501679,,,,,
80,a37f7ece-6437-5527-9674-4be7aa111677,"{'createdDate': '2022-03-21T22:27:48.116', 'createdByUserId': '60cfc6e2-0de4-4dc3-a947-3b7ae0056eb7', 'updatedDate': '2022-03-21T22:27:48.116', 'updatedByUserId': '60cfc6e2-0de4-4dc3-a947-3b7ae0056eb7'}",['a4332640'],50b0e880-46fb-5c59-9d29-ea18611cfc8c,e5c833cb-6bfb-42cb-9716-f30b528f2597,28927d76-e097-4f63-8510-e56f2b7a3ad0,M1090 SERIES 27 BOX 14,03c9c400-b9e3-4a07-ac0e-05ab470233ed,hld00000501680,,,,,
81,a37f7ece-6437-5527-9674-4be7aa111677,"{'createdDate': '2022-03-21T22:27:48.116', 'createdByUserId': '60cfc6e2-0de4-4dc3-a947-3b7ae0056eb7', 'updatedDate': '2022-03-21T22:27:48.116', 'updatedByUserId': '60cfc6e2-0de4-4dc3-a947-3b7ae0056eb7'}",['a4332640'],50b0e880-46fb-5c59-9d29-ea18611cfc8c,e5c833cb-6bfb-42cb-9716-f30b528f2597,28927d76-e097-4f63-8510-e56f2b7a3ad0,M1090 SERIES 27 BOX 12,03c9c400-b9e3-4a07-ac0e-05ab470233ed,hld00000501681,,,,,
82,a37f7ece-6437-5527-9674-4be7aa111677,"{'createdDate': '2022-03-21T22:27:48.117', 'createdByUserId': '60cfc6e2-0de4-4dc3-a947-3b7ae0056eb7', 'updatedDate': '2022-03-21T22:27:48.117', 'updatedByUserId': '60cfc6e2-0de4-4dc3-a947-3b7ae0056eb7'}",['a4332640'],50b0e880-46fb-5c59-9d29-ea18611cfc8c,e5c833cb-6bfb-42cb-9716-f30b528f2597,28927d76-e097-4f63-8510-e56f2b7a3ad0,M1090 SERIES 27 BOX 13,03c9c400-b9e3-4a07-ac0e-05ab470233ed,hld00000501682,,,,,
83,a37f7ece-6437-5527-9674-4be7aa111677,"{'createdDate': '2022-03-21T22:27:48.117', 'createdByUserId': '60cfc6e2-0de4-4dc3-a947-3b7ae0056eb7', 'updatedDate': '2022-03-21T22:27:48.117', 'updatedByUserId': '60cfc6e2-0de4-4dc3-a947-3b7ae0056eb7'}",['a4332640'],50b0e880-46fb-5c59-9d29-ea18611cfc8c,e5c833cb-6bfb-42cb-9716-f30b528f2597,28927d76-e097-4f63-8510-e56f2b7a3ad0,M1090 SERIES 27 BOX 15,03c9c400-b9e3-4a07-ac0e-05ab470233ed,hld00000501683,,,,,
84,a37f7ece-6437-5527-9674-4be7aa111677,"{'createdDate': '2022-03-21T22:27:48.117', 'createdByUserId': '60cfc6e2-0de4-4dc3-a947-3b7ae0056eb7', 'updatedDate': '2022-03-21T22:27:48.117', 'updatedByUserId': '60cfc6e2-0de4-4dc3-a947-3b7ae0056eb7'}",['a4332640'],50b0e880-46fb-5c59-9d29-ea18611cfc8c,e5c833cb-6bfb-42cb-9716-f30b528f2597,28927d76-e097-4f63-8510-e56f2b7a3ad0,M1090 SERIES 27 BOX 16,03c9c400-b9e3-4a07-ac0e-05ab470233ed,hld00000501684,,,,,
85,a37f7ece-6437-5527-9674-4be7aa111677,"{'createdDate': '2022-03-21T22:27:48.117', 'createdByUserId': '60cfc6e2-0de4-4dc3-a947-3b7ae0056eb7', 'updatedDate': '2022-03-21T22:27:48.117', 'updatedByUserId': '60cfc6e2-0de4-4dc3-a947-3b7ae0056eb7'}",['a4332640'],50b0e880-46fb-5c59-9d29-ea18611cfc8c,e5c833cb-6bfb-42cb-9716-f30b528f2597,28927d76-e097-4f63-8510-e56f2b7a3ad0,M1090 SERIES 27 BOX 17,03c9c400-b9e3-4a07-ac0e-05ab470233ed,hld00000501685,,,,,
86,a37f7ece-6437-5527-9674-4be7aa111677,"{'createdDate': '2022-03-21T22:27:48.117', 'createdByUserId': '60cfc6e2-0de4-4dc3-a947-3b7ae0056eb7', 'updatedDate': '2022-03-21T22:27:48.117', 'updatedByUserId': '60cfc6e2-0de4-4dc3-a947-3b7ae0056eb7'}",['a4332640'],50b0e880-46fb-5c59-9d29-ea18611cfc8c,e5c833cb-6bfb-42cb-9716-f30b528f2597,28927d76-e097-4f63-8510-e56f2b7a3ad0,M1090 SERIES 27 BOX 18,03c9c400-b9e3-4a07-ac0e-05ab470233ed,hld00000501686,,,,,
87,a37f7ece-6437-5527-9674-4be7aa111677,"{'createdDate': '2022-03-21T22:27:48.118', 'createdByUserId': '60cfc6e2-0de4-4dc3-a947-3b7ae0056eb7', 'updatedDate': '2022-03-21T22:27:48.118', 'updatedByUserId': '60cfc6e2-0de4-4dc3-a947-3b7ae0056eb7'}",['a4332640'],50b0e880-46fb-5c59-9d29-ea18611cfc8c,e5c833cb-6bfb-42cb-9716-f30b528f2597,28927d76-e097-4f63-8510-e56f2b7a3ad0,M1090 SERIES 27 BOX 19,03c9c400-b9e3-4a07-ac0e-05ab470233ed,hld00000501687,,,,,
88,a37f7ece-6437-5527-9674-4be7aa111677,"{'createdDate': '2022-03-21T22:27:48.118', 'createdByUserId': '60cfc6e2-0de4-4dc3-a947-3b7ae0056eb7', 'updatedDate': '2022-03-21T22:27:48.118', 'updatedByUserId': '60cfc6e2-0de4-4dc3-a947-3b7ae0056eb7'}",['a4332640'],50b0e880-46fb-5c59-9d29-ea18611cfc8c,e5c833cb-6bfb-42cb-9716-f30b528f2597,28927d76-e097-4f63-8510-e56f2b7a3ad0,M1090 SERIES 27 BOX 20,03c9c400-b9e3-4a07-ac0e-05ab470233ed,hld00000501688,,,,,
89,a37f7ece-6437-5527-9674-4be7aa111677,"{'createdDate': '2022-03-21T22:27:48.118', 'createdByUserId': '60cfc6e2-0de4-4dc3-a947-3b7ae0056eb7', 'updatedDate': '2022-03-21T22:27:48.118', 'updatedByUserId': '60cfc6e2-0de4-4dc3-a947-3b7ae0056eb7'}",['a4332640'],50b0e880-46fb-5c59-9d29-ea18611cfc8c,e5c833cb-6bfb-42cb-9716-f30b528f2597,28927d76-e097-4f63-8510-e56f2b7a3ad0,M1090 SERIES 27 BOX 21,03c9c400-b9e3-4a07-ac0e-05ab470233ed,hld00000501689,,,,,
90,a37f7ece-6437-5527-9674-4be7aa111677,"{'createdDate': '2022-03-21T22:27:48.118', 'createdByUserId': '60cfc6e2-0de4-4dc3-a947-3b7ae0056eb7', 'updatedDate': '2022-03-21T22:27:48.118', 'updatedByUserId': '60cfc6e2-0de4-4dc3-a947-3b7ae0056eb7'}",['a4332640'],50b0e880-46fb-5c59-9d29-ea18611cfc8c,e5c833cb-6bfb-42cb-9716-f30b528f2597,28927d76-e097-4f63-8510-e56f2b7a3ad0,M1090 SERIES 27 BOX 22,03c9c400-b9e3-4a07-ac0e-05ab470233ed,hld00000501690,,,,,
91,8f929d6e-baa7-59d7-a87b-1986bc21f801,"{'createdDate': '2022-03-21T22:27:48.119', 'createdByUserId': '60cfc6e2-0de4-4dc3-a947-3b7ae0056eb7', 'updatedDate': '2022-03-21T22:27:48.119', 'updatedByUserId': '60cfc6e2-0de4-4dc3-a947-3b7ae0056eb7'}",['a4648506'],7d1d5e0b-58d6-51d5-9dd0-7cad0d89a924,e5c833cb-6bfb-42cb-9716-f30b528f2597,28927d76-e097-4f63-8510-e56f2b7a3ad0,M1243,03c9c400-b9e3-4a07-ac0e-05ab470233ed,hld00000501691,,,,,
92,8f929d6e-baa7-59d7-a87b-1986bc21f801,"{'createdDate': '2022-03-21T22:27:48.119', 'createdByUserId': '60cfc6e2-0de4-4dc3-a947-3b7ae0056eb7', 'updatedDate': '2022-03-21T22:27:48.119', 'updatedByUserId': '60cfc6e2-0de4-4dc3-a947-3b7ae0056eb7'}",['a4648506'],7d1d5e0b-58d6-51d5-9dd0-7cad0d89a924,e5c833cb-6bfb-42cb-9716-f30b528f2597,28927d76-e097-4f63-8510-e56f2b7a3ad0,M1243 HALF BOX 1,03c9c400-b9e3-4a07-ac0e-05ab470233ed,hld00000501692,,,,,
93,8f929d6e-baa7-59d7-a87b-1986bc21f801,"{'createdDate': '2022-03-21T22:27:48.120', 'createdByUserId': '60cfc6e2-0de4-4dc3-a947-3b7ae0056eb7', 'updatedDate': '2022-03-21T22:27:48.120', 'updatedByUserId': '60cfc6e2-0de4-4dc3-a947-3b7ae0056eb7'}",['a4648506'],7d1d5e0b-58d6-51d5-9dd0-7cad0d89a924,e5c833cb-6bfb-42cb-9716-f30b528f2597,28927d76-e097-4f63-8510-e56f2b7a3ad0,M1243 FLAT BOX 2,03c9c400-b9e3-4a07-ac0e-05ab470233ed,hld00000501693,,,,,
94,8f929d6e-baa7-59d7-a87b-1986bc21f801,"{'createdDate': '2022-03-21T22:27:48.120', 'createdByUserId': '60cfc6e2-0de4-4dc3-a947-3b7ae0056eb7', 'updatedDate': '2022-03-21T22:27:48.120', 'updatedByUserId': '60cfc6e2-0de4-4dc3-a947-3b7ae0056eb7'}",['a4648506'],7d1d5e0b-58d6-51d5-9dd0-7cad0d89a924,e5c833cb-6bfb-42cb-9716-f30b528f2597,28927d76-e097-4f63-8510-e56f2b7a3ad0,M1243 FLAT BOX 3,03c9c400-b9e3-4a07-ac0e-05ab470233ed,hld00000501694,,,,,
95,e69c6788-f02a-58f3-9f9a-002341eb03d1,"{'createdDate': '2022-03-21T22:27:48.120', 'createdByUserId': '60cfc6e2-0de4-4dc3-a947-3b7ae0056eb7', 'updatedDate': '2022-03-21T22:27:48.120', 'updatedByUserId': '60cfc6e2-0de4-4dc3-a947-3b7ae0056eb7'}",['a13798527'],f6cfaf95-d319-5e6a-b0bf-6d063fd919f5,e5c833cb-6bfb-42cb-9716-f30b528f2597,28927d76-e097-4f63-8510-e56f2b7a3ad0,MISC 2703,03c9c400-b9e3-4a07-ac0e-05ab470233ed,hld00000501695,,,,,
96,7f71c845-9b67-5ba7-b692-671399da5f1a,"{'createdDate': '2022-03-21T22:27:48.120', 'createdByUserId': '60cfc6e2-0de4-4dc3-a947-3b7ae0056eb7', 'updatedDate': '2022-03-21T22:27:48.120', 'updatedByUserId': '60cfc6e2-0de4-4dc3-a947-3b7ae0056eb7'}",['a13121243'],bf6e0458-10d5-5975-a015-91ce28b46cef,e5c833cb-6bfb-42cb-9716-f30b528f2597,28927d76-e097-4f63-8510-e56f2b7a3ad0,MISC 2699,03c9c400-b9e3-4a07-ac0e-05ab470233ed,hld00000501696,,,,,
97,53da5756-7f19-5cc7-87d1-c26fa0060b96,"{'createdDate': '2022-03-21T22:27:48.120', 'createdByUserId': '60cfc6e2-0de4-4dc3-a947-3b7ae0056eb7', 'updatedDate': '2022-03-21T22:27:48.120', 'updatedByUserId': '60cfc6e2-0de4-4dc3-a947-3b7ae0056eb7'}",['a4084385'],35f4cd6b-9c82-534f-ba5c-96950432f119,e5c833cb-6bfb-42cb-9716-f30b528f2597,28927d76-e097-4f63-8510-e56f2b7a3ad0,M0733,03c9c400-b9e3-4a07-ac0e-05ab470233ed,hld00000501697,[],[],[],[],[]
98,53da5756-7f19-5cc7-87d1-c26fa0060b96,"{'createdDate': '2022-03-21T22:27:48.127', 'createdByUserId': '60cfc6e2-0de4-4dc3-a947-3b7ae0056eb7', 'updatedDate': '2022-03-21T22:27:48.127', 'updatedByUserId': '60cfc6e2-0de4-4dc3-a947-3b7ae0056eb7'}",['a4084385'],35f4cd6b-9c82-534f-ba5c-96950432f119,e5c833cb-6bfb-42cb-9716-f30b528f2597,28927d76-e097-4f63-8510-e56f2b7a3ad0,M073,03c9c400-b9e3-4a07-ac0e-05ab470233ed,hld00000501698,[],[],[],[],[]
99,53da5756-7f19-5cc7-87d1-c26fa0060b96,"{'createdDate': '2022-03-21T22:27:48.215', 'createdByUserId': '60cfc6e2-0de4-4dc3-a947-3b7ae0056eb7', 'updatedDate': '2022-03-21T22:27:48.215', 'updatedByUserId': '60cfc6e2-0de4-4dc3-a947-3b7ae0056eb7'}",['a4084385'],35f4cd6b-9c82-534f-ba5c-96950432f119,e5c833cb-6bfb-42cb-9716-f30b528f2597,28927d76-e097-4f63-8510-e56f2b7a3ad0,M0733 SERIES 3 BOX HOWL,03c9c400-b9e3-4a07-ac0e-05ab470233ed,hld00000501699,,,,,
100,53da5756-7f19-5cc7-87d1-c26fa0060b96,"{'createdDate': '2022-03-21T22:27:48.398', 'createdByUserId': '60cfc6e2-0de4-4dc3-a947-3b7ae0056eb7', 'updatedDate': '2022-03-21T22:27:48.398', 'updatedByUserId': '60cfc6e2-0de4-4dc3-a947-3b7ae0056eb7'}",['a4084385'],35f4cd6b-9c82-534f-ba5c-96950432f119,e5c833cb-6bfb-42cb-9716-f30b528f2597,28927d76-e097-4f63-8510-e56f2b7a3ad0,M0733 SERIES 11 BOX 186 DELETE,03c9c400-b9e3-4a07-ac0e-05ab470233ed,hld00000501700,,,,,
101,53da5756-7f19-5cc7-87d1-c26fa0060b96,"{'createdDate': '2022-03-21T22:27:48.412', 'createdByUserId': '60cfc6e2-0de4-4dc3-a947-3b7ae0056eb7', 'updatedDate': '2022-03-21T22:27:48.412', 'updatedByUserId': '60cfc6e2-0de4-4dc3-a947-3b7ae0056eb7'}",['a4084385'],35f4cd6b-9c82-534f-ba5c-96950432f119,e5c833cb-6bfb-42cb-9716-f30b528f2597,28927d76-e097-4f63-8510-e56f2b7a3ad0,M0733 SERIES 11 BOX 254,03c9c400-b9e3-4a07-ac0e-05ab470233ed,hld00000501701,,,,,
102,53da5756-7f19-5cc7-87d1-c26fa0060b96,"{'createdDate': '2022-03-21T22:27:48.446', 'createdByUserId': '60cfc6e2-0de4-4dc3-a947-3b7ae0056eb7', 'updatedDate': '2022-03-21T22:27:48.446', 'updatedByUserId': '60cfc6e2-0de4-4dc3-a947-3b7ae0056eb7'}",['a4084385'],35f4cd6b-9c82-534f-ba5c-96950432f119,e5c833cb-6bfb-42cb-9716-f30b528f2597,28927d76-e097-4f63-8510-e56f2b7a3ad0,M0733 SERIES 12 BOX 1,03c9c400-b9e3-4a07-ac0e-05ab470233ed,hld00000501702,,,,,
103,53da5756-7f19-5cc7-87d1-c26fa0060b96,"{'createdDate': '2022-03-21T22:27:48.447', 'createdByUserId': '60cfc6e2-0de4-4dc3-a947-3b7ae0056eb7', 'updatedDate': '2022-03-21T22:27:48.447', 'updatedByUserId': '60cfc6e2-0de4-4dc3-a947-3b7ae0056eb7'}",['a4084385'],35f4cd6b-9c82-534f-ba5c-96950432f119,e5c833cb-6bfb-42cb-9716-f30b528f2597,28927d76-e097-4f63-8510-e56f2b7a3ad0,M0733 SERIES 13 HALF BOX 6.2,03c9c400-b9e3-4a07-ac0e-05ab470233ed,hld00000501703,,,,,
104,53da5756-7f19-5cc7-87d1-c26fa0060b96,"{'createdDate': '2022-03-21T22:27:48.447', 'createdByUserId': '60cfc6e2-0de4-4dc3-a947-3b7ae0056eb7', 'updatedDate': '2022-03-21T22:27:48.447', 'updatedByUserId': '60cfc6e2-0de4-4dc3-a947-3b7ae0056eb7'}",['a4084385'],35f4cd6b-9c82-534f-ba5c-96950432f119,e5c833cb-6bfb-42cb-9716-f30b528f2597,28927d76-e097-4f63-8510-e56f2b7a3ad0,M0733 SERIES 18 FLAT BOX 23,03c9c400-b9e3-4a07-ac0e-05ab470233ed,hld00000501704,,,,,
105,53da5756-7f19-5cc7-87d1-c26fa0060b96,"{'createdDate': '2022-03-21T22:27:48.455', 'createdByUserId': '60cfc6e2-0de4-4dc3-a947-3b7ae0056eb7', 'updatedDate': '2022-03-21T22:27:48.455', 'updatedByUserId': '60cfc6e2-0de4-4dc3-a947-3b7ae0056eb7'}",['a4084385'],35f4cd6b-9c82-534f-ba5c-96950432f119,e5c833cb-6bfb-42cb-9716-f30b528f2597,28927d76-e097-4f63-8510-e56f2b7a3ad0,M0733 SERIES 11 CASSETTE BOX 6,03c9c400-b9e3-4a07-ac0e-05ab470233ed,hld00000501705,,,,,
106,53da5756-7f19-5cc7-87d1-c26fa0060b96,"{'createdDate': '2022-03-21T22:27:48.455', 'createdByUserId': '60cfc6e2-0de4-4dc3-a947-3b7ae0056eb7', 'updatedDate': '2022-03-21T22:27:48.455', 'updatedByUserId': '60cfc6e2-0de4-4dc3-a947-3b7ae0056eb7'}",['a4084385'],35f4cd6b-9c82-534f-ba5c-96950432f119,e5c833cb-6bfb-42cb-9716-f30b528f2597,28927d76-e097-4f63-8510-e56f2b7a3ad0,M0733 ACCN 2011-038 HALF BOX 1,03c9c400-b9e3-4a07-ac0e-05ab470233ed,hld00000501706,,,,,
107,53da5756-7f19-5cc7-87d1-c26fa0060b96,"{'createdDate': '2022-03-21T22:27:48.455', 'createdByUserId': '60cfc6e2-0de4-4dc3-a947-3b7ae0056eb7', 'updatedDate': '2022-03-21T22:27:48.455', 'updatedByUserId': '60cfc6e2-0de4-4dc3-a947-3b7ae0056eb7'}",['a4084385'],35f4cd6b-9c82-534f-ba5c-96950432f119,e5c833cb-6bfb-42cb-9716-f30b528f2597,28927d76-e097-4f63-8510-e56f2b7a3ad0,M0733 ACCN 2002-068 HALF BOX 1,03c9c400-b9e3-4a07-ac0e-05ab470233ed,hld00000501707,,,,,
108,53da5756-7f19-5cc7-87d1-c26fa0060b96,"{'createdDate': '2022-03-21T22:27:48.456', 'createdByUserId': '60cfc6e2-0de4-4dc3-a947-3b7ae0056eb7', 'updatedDate': '2022-03-21T22:27:48.456', 'updatedByUserId': '60cfc6e2-0de4-4dc3-a947-3b7ae0056eb7'}",['a4084385'],35f4cd6b-9c82-534f-ba5c-96950432f119,e5c833cb-6bfb-42cb-9716-f30b528f2597,28927d76-e097-4f63-8510-e56f2b7a3ad0,M0733 ACCN 2018-236 BOX 1,03c9c400-b9e3-4a07-ac0e-05ab470233ed,hld00000501708,,,,,
109,53da5756-7f19-5cc7-87d1-c26fa0060b96,"{'createdDate': '2022-03-21T22:27:48.456', 'createdByUserId': '60cfc6e2-0de4-4dc3-a947-3b7ae0056eb7', 'updatedDate': '2022-03-21T22:27:48.456', 'updatedByUserId': '60cfc6e2-0de4-4dc3-a947-3b7ae0056eb7'}",['a4084385'],35f4cd6b-9c82-534f-ba5c-96950432f119,e5c833cb-6bfb-42cb-9716-f30b528f2597,28927d76-e097-4f63-8510-e56f2b7a3ad0,M0733 ACCN 2018-236 HALF BOX 2,03c9c400-b9e3-4a07-ac0e-05ab470233ed,hld00000501709,,,,,
110,53da5756-7f19-5cc7-87d1-c26fa0060b96,"{'createdDate': '2022-03-21T22:27:48.456', 'createdByUserId': '60cfc6e2-0de4-4dc3-a947-3b7ae0056eb7', 'updatedDate': '2022-03-21T22:27:48.456', 'updatedByUserId': '60cfc6e2-0de4-4dc3-a947-3b7ae0056eb7'}",['a4084385'],35f4cd6b-9c82-534f-ba5c-96950432f119,e5c833cb-6bfb-42cb-9716-f30b528f2597,28927d76-e097-4f63-8510-e56f2b7a3ad0,M0733 ACCN 2018-236 HALF BOX 3,03c9c400-b9e3-4a07-ac0e-05ab470233ed,hld00000501710,,,,,
111,53da5756-7f19-5cc7-87d1-c26fa0060b96,"{'createdDate': '2022-03-21T22:27:48.456', 'createdByUserId': '60cfc6e2-0de4-4dc3-a947-3b7ae0056eb7', 'updatedDate': '2022-03-21T22:27:48.456', 'updatedByUserId': '60cfc6e2-0de4-4dc3-a947-3b7ae0056eb7'}",['a4084385'],35f4cd6b-9c82-534f-ba5c-96950432f119,e5c833cb-6bfb-42cb-9716-f30b528f2597,28927d76-e097-4f63-8510-e56f2b7a3ad0,M0733 ACCN 2018-236 BOX 4,03c9c400-b9e3-4a07-ac0e-05ab470233ed,hld00000501711,,,,,
112,53da5756-7f19-5cc7-87d1-c26fa0060b96,"{'createdDate': '2022-03-21T22:27:48.456', 'createdByUserId': '60cfc6e2-0de4-4dc3-a947-3b7ae0056eb7', 'updatedDate': '2022-03-21T22:27:48.456', 'updatedByUserId': '60cfc6e2-0de4-4dc3-a947-3b7ae0056eb7'}",['a4084385'],35f4cd6b-9c82-534f-ba5c-96950432f119,e5c833cb-6bfb-42cb-9716-f30b528f2597,28927d76-e097-4f63-8510-e56f2b7a3ad0,M0733 ACCN 2018-236 BOX 5,03c9c400-b9e3-4a07-ac0e-05ab470233ed,hld00000501712,,,,,
113,53da5756-7f19-5cc7-87d1-c26fa0060b96,"{'createdDate': '2022-03-21T22:27:48.457', 'createdByUserId': '60cfc6e2-0de4-4dc3-a947-3b7ae0056eb7', 'updatedDate': '2022-03-21T22:27:48.457', 'updatedByUserId': '60cfc6e2-0de4-4dc3-a947-3b7ae0056eb7'}",['a4084385'],35f4cd6b-9c82-534f-ba5c-96950432f119,e5c833cb-6bfb-42cb-9716-f30b528f2597,28927d76-e097-4f63-8510-e56f2b7a3ad0,M0733 ACCN 2018-236 HALF BOX 6,03c9c400-b9e3-4a07-ac0e-05ab470233ed,hld00000501713,,,,,
114,53da5756-7f19-5cc7-87d1-c26fa0060b96,"{'createdDate': '2022-03-21T22:27:48.457', 'createdByUserId': '60cfc6e2-0de4-4dc3-a947-3b7ae0056eb7', 'updatedDate': '2022-03-21T22:27:48.457', 'updatedByUserId': '60cfc6e2-0de4-4dc3-a947-3b7ae0056eb7'}",['a4084385'],35f4cd6b-9c82-534f-ba5c-96950432f119,e5c833cb-6bfb-42cb-9716-f30b528f2597,28927d76-e097-4f63-8510-e56f2b7a3ad0,M0733 ACCN 2018-236 BOX 7,03c9c400-b9e3-4a07-ac0e-05ab470233ed,hld00000501714,,,,,
115,53da5756-7f19-5cc7-87d1-c26fa0060b96,"{'createdDate': '2022-03-21T22:27:48.457', 'createdByUserId': '60cfc6e2-0de4-4dc3-a947-3b7ae0056eb7', 'updatedDate': '2022-03-21T22:27:48.457', 'updatedByUserId': '60cfc6e2-0de4-4dc3-a947-3b7ae0056eb7'}",['a4084385'],35f4cd6b-9c82-534f-ba5c-96950432f119,e5c833cb-6bfb-42cb-9716-f30b528f2597,28927d76-e097-4f63-8510-e56f2b7a3ad0,M0733 ACCN 2018-236 BOX 8,03c9c400-b9e3-4a07-ac0e-05ab470233ed,hld00000501715,,,,,
116,53da5756-7f19-5cc7-87d1-c26fa0060b96,"{'createdDate': '2022-03-21T22:27:48.457', 'createdByUserId': '60cfc6e2-0de4-4dc3-a947-3b7ae0056eb7', 'updatedDate': '2022-03-21T22:27:48.457', 'updatedByUserId': '60cfc6e2-0de4-4dc3-a947-3b7ae0056eb7'}",['a4084385'],35f4cd6b-9c82-534f-ba5c-96950432f119,e5c833cb-6bfb-42cb-9716-f30b528f2597,28927d76-e097-4f63-8510-e56f2b7a3ad0,M0733 ACCN 2018-236 BOX 9,03c9c400-b9e3-4a07-ac0e-05ab470233ed,hld00000501716,,,,,
117,53da5756-7f19-5cc7-87d1-c26fa0060b96,"{'createdDate': '2022-03-21T22:27:48.457', 'createdByUserId': '60cfc6e2-0de4-4dc3-a947-3b7ae0056eb7', 'updatedDate': '2022-03-21T22:27:48.457', 'updatedByUserId': '60cfc6e2-0de4-4dc3-a947-3b7ae0056eb7'}",['a4084385'],35f4cd6b-9c82-534f-ba5c-96950432f119,e5c833cb-6bfb-42cb-9716-f30b528f2597,28927d76-e097-4f63-8510-e56f2b7a3ad0,M0733 ACCN 2018-236 BOX 10,03c9c400-b9e3-4a07-ac0e-05ab470233ed,hld00000501717,,,,,
118,53da5756-7f19-5cc7-87d1-c26fa0060b96,"{'createdDate': '2022-03-21T22:27:48.458', 'createdByUserId': '60cfc6e2-0de4-4dc3-a947-3b7ae0056eb7', 'updatedDate': '2022-03-21T22:27:48.458', 'updatedByUserId': '60cfc6e2-0de4-4dc3-a947-3b7ae0056eb7'}",['a4084385'],35f4cd6b-9c82-534f-ba5c-96950432f119,e5c833cb-6bfb-42cb-9716-f30b528f2597,28927d76-e097-4f63-8510-e56f2b7a3ad0,M0733 ACCN 2018-236 BOX 11,03c9c400-b9e3-4a07-ac0e-05ab470233ed,hld00000501718,,,,,
119,53da5756-7f19-5cc7-87d1-c26fa0060b96,"{'createdDate': '2022-03-21T22:27:48.458', 'createdByUserId': '60cfc6e2-0de4-4dc3-a947-3b7ae0056eb7', 'updatedDate': '2022-03-21T22:27:48.458', 'updatedByUserId': '60cfc6e2-0de4-4dc3-a947-3b7ae0056eb7'}",['a4084385'],35f4cd6b-9c82-534f-ba5c-96950432f119,e5c833cb-6bfb-42cb-9716-f30b528f2597,28927d76-e097-4f63-8510-e56f2b7a3ad0,M0733 ACCN 2018-236 BOX 12,03c9c400-b9e3-4a07-ac0e-05ab470233ed,hld00000501719,,,,,
120,53da5756-7f19-5cc7-87d1-c26fa0060b96,"{'createdDate': '2022-03-21T22:27:48.458', 'createdByUserId': '60cfc6e2-0de4-4dc3-a947-3b7ae0056eb7', 'updatedDate': '2022-03-21T22:27:48.458', 'updatedByUserId': '60cfc6e2-0de4-4dc3-a947-3b7ae0056eb7'}",['a4084385'],35f4cd6b-9c82-534f-ba5c-96950432f119,e5c833cb-6bfb-42cb-9716-f30b528f2597,28927d76-e097-4f63-8510-e56f2b7a3ad0,M0733 ACCN 2018-236 BOX 13,03c9c400-b9e3-4a07-ac0e-05ab470233ed,hld00000501720,,,,,
121,53da5756-7f19-5cc7-87d1-c26fa0060b96,"{'createdDate': '2022-03-21T22:27:48.458', 'createdByUserId': '60cfc6e2-0de4-4dc3-a947-3b7ae0056eb7', 'updatedDate': '2022-03-21T22:27:48.458', 'updatedByUserId': '60cfc6e2-0de4-4dc3-a947-3b7ae0056eb7'}",['a4084385'],35f4cd6b-9c82-534f-ba5c-96950432f119,e5c833cb-6bfb-42cb-9716-f30b528f2597,28927d76-e097-4f63-8510-e56f2b7a3ad0,M0733 ACCN 2018-236 BOX 14,03c9c400-b9e3-4a07-ac0e-05ab470233ed,hld00000501721,,,,,
122,53da5756-7f19-5cc7-87d1-c26fa0060b96,"{'createdDate': '2022-03-21T22:27:48.458', 'createdByUserId': '60cfc6e2-0de4-4dc3-a947-3b7ae0056eb7', 'updatedDate': '2022-03-21T22:27:48.458', 'updatedByUserId': '60cfc6e2-0de4-4dc3-a947-3b7ae0056eb7'}",['a4084385'],35f4cd6b-9c82-534f-ba5c-96950432f119,e5c833cb-6bfb-42cb-9716-f30b528f2597,28927d76-e097-4f63-8510-e56f2b7a3ad0,M0733 ACCN 2018-236 BOX 15,03c9c400-b9e3-4a07-ac0e-05ab470233ed,hld00000501722,,,,,
123,53da5756-7f19-5cc7-87d1-c26fa0060b96,"{'createdDate': '2022-03-21T22:27:48.459', 'createdByUserId': '60cfc6e2-0de4-4dc3-a947-3b7ae0056eb7', 'updatedDate': '2022-03-21T22:27:48.459', 'updatedByUserId': '60cfc6e2-0de4-4dc3-a947-3b7ae0056eb7'}",['a4084385'],35f4cd6b-9c82-534f-ba5c-96950432f119,e5c833cb-6bfb-42cb-9716-f30b528f2597,28927d76-e097-4f63-8510-e56f2b7a3ad0,M0733 ACCN 2018-236 BOX 16,03c9c400-b9e3-4a07-ac0e-05ab470233ed,hld00000501723,,,,,
124,53da5756-7f19-5cc7-87d1-c26fa0060b96,"{'createdDate': '2022-03-21T22:27:48.459', 'createdByUserId': '60cfc6e2-0de4-4dc3-a947-3b7ae0056eb7', 'updatedDate': '2022-03-21T22:27:48.459', 'updatedByUserId': '60cfc6e2-0de4-4dc3-a947-3b7ae0056eb7'}",['a4084385'],35f4cd6b-9c82-534f-ba5c-96950432f119,e5c833cb-6bfb-42cb-9716-f30b528f2597,28927d76-e097-4f63-8510-e56f2b7a3ad0,M0733 ACCN 2018-236 MAP FOLDER 17,03c9c400-b9e3-4a07-ac0e-05ab470233ed,hld00000501724,,,,,
125,53da5756-7f19-5cc7-87d1-c26fa0060b96,"{'createdDate': '2022-03-21T22:27:48.459', 'createdByUserId': '60cfc6e2-0de4-4dc3-a947-3b7ae0056eb7', 'updatedDate': '2022-03-21T22:27:48.459', 'updatedByUserId': '60cfc6e2-0de4-4dc3-a947-3b7ae0056eb7'}",['a4084385'],35f4cd6b-9c82-534f-ba5c-96950432f119,e5c833cb-6bfb-42cb-9716-f30b528f2597,28927d76-e097-4f63-8510-e56f2b7a3ad0,M0733 ACCN 2018-236 HALF BOX 18,03c9c400-b9e3-4a07-ac0e-05ab470233ed,hld00000501725,,,,,
126,53da5756-7f19-5cc7-87d1-c26fa0060b96,"{'createdDate': '2022-03-21T22:27:48.459', 'createdByUserId': '60cfc6e2-0de4-4dc3-a947-3b7ae0056eb7', 'updatedDate': '2022-03-21T22:27:48.459', 'updatedByUserId': '60cfc6e2-0de4-4dc3-a947-3b7ae0056eb7'}",['a4084385'],35f4cd6b-9c82-534f-ba5c-96950432f119,e5c833cb-6bfb-42cb-9716-f30b528f2597,28927d76-e097-4f63-8510-e56f2b7a3ad0,M0733 ACCN 2018-236 HALF BOX 19,03c9c400-b9e3-4a07-ac0e-05ab470233ed,hld00000501726,,,,,
127,a610549f-047b-5dd5-852c-d49375678061,"{'createdDate': '2022-03-21T22:27:48.459', 'createdByUserId': '60cfc6e2-0de4-4dc3-a947-3b7ae0056eb7', 'updatedDate': '2022-03-21T22:27:48.459', 'updatedByUserId': '60cfc6e2-0de4-4dc3-a947-3b7ae0056eb7'}",['a13634331'],0bcbc50d-a2e5-519b-8457-f6cc3b399386,e5c833cb-6bfb-42cb-9716-f30b528f2597,28927d76-e097-4f63-8510-e56f2b7a3ad0,M2680,03c9c400-b9e3-4a07-ac0e-05ab470233ed,hld00000501727,,,,,
128,a610549f-047b-5dd5-852c-d49375678061,"{'createdDate': '2022-03-21T22:27:48.460', 'createdByUserId': '60cfc6e2-0de4-4dc3-a947-3b7ae0056eb7', 'updatedDate': '2022-03-21T22:27:48.460', 'updatedByUserId': '60cfc6e2-0de4-4dc3-a947-3b7ae0056eb7'}",['a13634331'],0bcbc50d-a2e5-519b-8457-f6cc3b399386,e5c833cb-6bfb-42cb-9716-f30b528f2597,28927d76-e097-4f63-8510-e56f2b7a3ad0,M2680 MAP FOLDER 20,03c9c400-b9e3-4a07-ac0e-05ab470233ed,hld00000501728,,,,,
129,a610549f-047b-5dd5-852c-d49375678061,"{'createdDate': '2022-03-21T22:27:48.460', 'createdByUserId': '60cfc6e2-0de4-4dc3-a947-3b7ae0056eb7', 'updatedDate': '2022-03-21T22:27:48.460', 'updatedByUserId': '60cfc6e2-0de4-4dc3-a947-3b7ae0056eb7'}",['a13634331'],0bcbc50d-a2e5-519b-8457-f6cc3b399386,e5c833cb-6bfb-42cb-9716-f30b528f2597,28927d76-e097-4f63-8510-e56f2b7a3ad0,M2680 BOX 1,03c9c400-b9e3-4a07-ac0e-05ab470233ed,hld00000501729,,,,,
130,a610549f-047b-5dd5-852c-d49375678061,"{'createdDate': '2022-03-21T22:27:48.460', 'createdByUserId': '60cfc6e2-0de4-4dc3-a947-3b7ae0056eb7', 'updatedDate': '2022-03-21T22:27:48.460', 'updatedByUserId': '60cfc6e2-0de4-4dc3-a947-3b7ae0056eb7'}",['a13634331'],0bcbc50d-a2e5-519b-8457-f6cc3b399386,e5c833cb-6bfb-42cb-9716-f30b528f2597,28927d76-e097-4f63-8510-e56f2b7a3ad0,M2680 BOX 2,03c9c400-b9e3-4a07-ac0e-05ab470233ed,hld00000501730,,,,,
131,a610549f-047b-5dd5-852c-d49375678061,"{'createdDate': '2022-03-21T22:27:48.460', 'createdByUserId': '60cfc6e2-0de4-4dc3-a947-3b7ae0056eb7', 'updatedDate': '2022-03-21T22:27:48.460', 'updatedByUserId': '60cfc6e2-0de4-4dc3-a947-3b7ae0056eb7'}",['a13634331'],0bcbc50d-a2e5-519b-8457-f6cc3b399386,e5c833cb-6bfb-42cb-9716-f30b528f2597,28927d76-e097-4f63-8510-e56f2b7a3ad0,M2680 BOX 3,03c9c400-b9e3-4a07-ac0e-05ab470233ed,hld00000501731,,,,,
132,a610549f-047b-5dd5-852c-d49375678061,"{'createdDate': '2022-03-21T22:27:48.460', 'createdByUserId': '60cfc6e2-0de4-4dc3-a947-3b7ae0056eb7', 'updatedDate': '2022-03-21T22:27:48.460', 'updatedByUserId': '60cfc6e2-0de4-4dc3-a947-3b7ae0056eb7'}",['a13634331'],0bcbc50d-a2e5-519b-8457-f6cc3b399386,e5c833cb-6bfb-42cb-9716-f30b528f2597,28927d76-e097-4f63-8510-e56f2b7a3ad0,M2680 BOX 4,03c9c400-b9e3-4a07-ac0e-05ab470233ed,hld00000501732,,,,,
133,a610549f-047b-5dd5-852c-d49375678061,"{'createdDate': '2022-03-21T22:27:48.461', 'createdByUserId': '60cfc6e2-0de4-4dc3-a947-3b7ae0056eb7', 'updatedDate': '2022-03-21T22:27:48.461', 'updatedByUserId': '60cfc6e2-0de4-4dc3-a947-3b7ae0056eb7'}",['a13634331'],0bcbc50d-a2e5-519b-8457-f6cc3b399386,e5c833cb-6bfb-42cb-9716-f30b528f2597,28927d76-e097-4f63-8510-e56f2b7a3ad0,M2680 BOX 5,03c9c400-b9e3-4a07-ac0e-05ab470233ed,hld00000501733,,,,,
134,a610549f-047b-5dd5-852c-d49375678061,"{'createdDate': '2022-03-21T22:27:48.461', 'createdByUserId': '60cfc6e2-0de4-4dc3-a947-3b7ae0056eb7', 'updatedDate': '2022-03-21T22:27:48.461', 'updatedByUserId': '60cfc6e2-0de4-4dc3-a947-3b7ae0056eb7'}",['a13634331'],0bcbc50d-a2e5-519b-8457-f6cc3b399386,e5c833cb-6bfb-42cb-9716-f30b528f2597,28927d76-e097-4f63-8510-e56f2b7a3ad0,M2680 BOX 6,03c9c400-b9e3-4a07-ac0e-05ab470233ed,hld00000501734,,,,,
135,a610549f-047b-5dd5-852c-d49375678061,"{'createdDate': '2022-03-21T22:27:48.461', 'createdByUserId': '60cfc6e2-0de4-4dc3-a947-3b7ae0056eb7', 'updatedDate': '2022-03-21T22:27:48.461', 'updatedByUserId': '60cfc6e2-0de4-4dc3-a947-3b7ae0056eb7'}",['a13634331'],0bcbc50d-a2e5-519b-8457-f6cc3b399386,e5c833cb-6bfb-42cb-9716-f30b528f2597,28927d76-e097-4f63-8510-e56f2b7a3ad0,M2680 BOX 7,03c9c400-b9e3-4a07-ac0e-05ab470233ed,hld00000501735,,,,,
136,a610549f-047b-5dd5-852c-d49375678061,"{'createdDate': '2022-03-21T22:27:48.461', 'createdByUserId': '60cfc6e2-0de4-4dc3-a947-3b7ae0056eb7', 'updatedDate': '2022-03-21T22:27:48.461', 'updatedByUserId': '60cfc6e2-0de4-4dc3-a947-3b7ae0056eb7'}",['a13634331'],0bcbc50d-a2e5-519b-8457-f6cc3b399386,e5c833cb-6bfb-42cb-9716-f30b528f2597,28927d76-e097-4f63-8510-e56f2b7a3ad0,M2680 BOX 8,03c9c400-b9e3-4a07-ac0e-05ab470233ed,hld00000501736,,,,,
137,a610549f-047b-5dd5-852c-d49375678061,"{'createdDate': '2022-03-21T22:27:48.461', 'createdByUserId': '60cfc6e2-0de4-4dc3-a947-3b7ae0056eb7', 'updatedDate': '2022-03-21T22:27:48.461', 'updatedByUserId': '60cfc6e2-0de4-4dc3-a947-3b7ae0056eb7'}",['a13634331'],0bcbc50d-a2e5-519b-8457-f6cc3b399386,e5c833cb-6bfb-42cb-9716-f30b528f2597,28927d76-e097-4f63-8510-e56f2b7a3ad0,M2680 BOX 9,03c9c400-b9e3-4a07-ac0e-05ab470233ed,hld00000501737,,,,,
138,a610549f-047b-5dd5-852c-d49375678061,"{'createdDate': '2022-03-21T22:27:48.462', 'createdByUserId': '60cfc6e2-0de4-4dc3-a947-3b7ae0056eb7', 'updatedDate': '2022-03-21T22:27:48.462', 'updatedByUserId': '60cfc6e2-0de4-4dc3-a947-3b7ae0056eb7'}",['a13634331'],0bcbc50d-a2e5-519b-8457-f6cc3b399386,e5c833cb-6bfb-42cb-9716-f30b528f2597,28927d76-e097-4f63-8510-e56f2b7a3ad0,M2680 BOX 10,03c9c400-b9e3-4a07-ac0e-05ab470233ed,hld00000501738,,,,,
139,a610549f-047b-5dd5-852c-d49375678061,"{'createdDate': '2022-03-21T22:27:48.462', 'createdByUserId': '60cfc6e2-0de4-4dc3-a947-3b7ae0056eb7', 'updatedDate': '2022-03-21T22:27:48.462', 'updatedByUserId': '60cfc6e2-0de4-4dc3-a947-3b7ae0056eb7'}",['a13634331'],0bcbc50d-a2e5-519b-8457-f6cc3b399386,e5c833cb-6bfb-42cb-9716-f30b528f2597,28927d76-e097-4f63-8510-e56f2b7a3ad0,M2680 BOX 11,03c9c400-b9e3-4a07-ac0e-05ab470233ed,hld00000501739,,,,,
140,a610549f-047b-5dd5-852c-d49375678061,"{'createdDate': '2022-03-21T22:27:48.462', 'createdByUserId': '60cfc6e2-0de4-4dc3-a947-3b7ae0056eb7', 'updatedDate': '2022-03-21T22:27:48.462', 'updatedByUserId': '60cfc6e2-0de4-4dc3-a947-3b7ae0056eb7'}",['a13634331'],0bcbc50d-a2e5-519b-8457-f6cc3b399386,e5c833cb-6bfb-42cb-9716-f30b528f2597,28927d76-e097-4f63-8510-e56f2b7a3ad0,M2680 BOX 12,03c9c400-b9e3-4a07-ac0e-05ab470233ed,hld00000501740,,,,,
141,a610549f-047b-5dd5-852c-d49375678061,"{'createdDate': '2022-03-21T22:27:48.462', 'createdByUserId': '60cfc6e2-0de4-4dc3-a947-3b7ae0056eb7', 'updatedDate': '2022-03-21T22:27:48.462', 'updatedByUserId': '60cfc6e2-0de4-4dc3-a947-3b7ae0056eb7'}",['a13634331'],0bcbc50d-a2e5-519b-8457-f6cc3b399386,e5c833cb-6bfb-42cb-9716-f30b528f2597,28927d76-e097-4f63-8510-e56f2b7a3ad0,M2680 HALF BOX 13,03c9c400-b9e3-4a07-ac0e-05ab470233ed,hld00000501741,,,,,
142,a610549f-047b-5dd5-852c-d49375678061,"{'createdDate': '2022-03-21T22:27:48.462', 'createdByUserId': '60cfc6e2-0de4-4dc3-a947-3b7ae0056eb7', 'updatedDate': '2022-03-21T22:27:48.462', 'updatedByUserId': '60cfc6e2-0de4-4dc3-a947-3b7ae0056eb7'}",['a13634331'],0bcbc50d-a2e5-519b-8457-f6cc3b399386,e5c833cb-6bfb-42cb-9716-f30b528f2597,28927d76-e097-4f63-8510-e56f2b7a3ad0,M2680 FLAT BOX 14,03c9c400-b9e3-4a07-ac0e-05ab470233ed,hld00000501742,,,,,
143,a610549f-047b-5dd5-852c-d49375678061,"{'createdDate': '2022-03-21T22:27:48.463', 'createdByUserId': '60cfc6e2-0de4-4dc3-a947-3b7ae0056eb7', 'updatedDate': '2022-03-21T22:27:48.463', 'updatedByUserId': '60cfc6e2-0de4-4dc3-a947-3b7ae0056eb7'}",['a13634331'],0bcbc50d-a2e5-519b-8457-f6cc3b399386,e5c833cb-6bfb-42cb-9716-f30b528f2597,28927d76-e097-4f63-8510-e56f2b7a3ad0,M2680 FLAT BOX 15,03c9c400-b9e3-4a07-ac0e-05ab470233ed,hld00000501743,,,,,
144,a610549f-047b-5dd5-852c-d49375678061,"{'createdDate': '2022-03-21T22:27:48.463', 'createdByUserId': '60cfc6e2-0de4-4dc3-a947-3b7ae0056eb7', 'updatedDate': '2022-03-21T22:27:48.463', 'updatedByUserId': '60cfc6e2-0de4-4dc3-a947-3b7ae0056eb7'}",['a13634331'],0bcbc50d-a2e5-519b-8457-f6cc3b399386,e5c833cb-6bfb-42cb-9716-f30b528f2597,28927d76-e097-4f63-8510-e56f2b7a3ad0,M2680 FLAT BOX 16,03c9c400-b9e3-4a07-ac0e-05ab470233ed,hld00000501744,,,,,
145,a610549f-047b-5dd5-852c-d49375678061,"{'createdDate': '2022-03-21T22:27:48.463', 'createdByUserId': '60cfc6e2-0de4-4dc3-a947-3b7ae0056eb7', 'updatedDate': '2022-03-21T22:27:48.463', 'updatedByUserId': '60cfc6e2-0de4-4dc3-a947-3b7ae0056eb7'}",['a13634331'],0bcbc50d-a2e5-519b-8457-f6cc3b399386,e5c833cb-6bfb-42cb-9716-f30b528f2597,28927d76-e097-4f63-8510-e56f2b7a3ad0,M2680 FLAT BOX 17,03c9c400-b9e3-4a07-ac0e-05ab470233ed,hld00000501745,,,,,
146,a610549f-047b-5dd5-852c-d49375678061,"{'createdDate': '2022-03-21T22:27:48.463', 'createdByUserId': '60cfc6e2-0de4-4dc3-a947-3b7ae0056eb7', 'updatedDate': '2022-03-21T22:27:48.463', 'updatedByUserId': '60cfc6e2-0de4-4dc3-a947-3b7ae0056eb7'}",['a13634331'],0bcbc50d-a2e5-519b-8457-f6cc3b399386,e5c833cb-6bfb-42cb-9716-f30b528f2597,28927d76-e097-4f63-8510-e56f2b7a3ad0,M2680 CARTON 18,03c9c400-b9e3-4a07-ac0e-05ab470233ed,hld00000501746,,,,,
147,a610549f-047b-5dd5-852c-d49375678061,"{'createdDate': '2022-03-21T22:27:48.463', 'createdByUserId': '60cfc6e2-0de4-4dc3-a947-3b7ae0056eb7', 'updatedDate': '2022-03-21T22:27:48.463', 'updatedByUserId': '60cfc6e2-0de4-4dc3-a947-3b7ae0056eb7'}",['a13634331'],0bcbc50d-a2e5-519b-8457-f6cc3b399386,e5c833cb-6bfb-42cb-9716-f30b528f2597,28927d76-e097-4f63-8510-e56f2b7a3ad0,M2680 CARTON 19,03c9c400-b9e3-4a07-ac0e-05ab470233ed,hld00000501747,,,,,
148,9e51e700-125a-5d0c-aec8-400f882e3078,"{'createdDate': '2022-03-21T22:27:48.464', 'createdByUserId': '60cfc6e2-0de4-4dc3-a947-3b7ae0056eb7', 'updatedDate': '2022-03-21T22:27:48.464', 'updatedByUserId': '60cfc6e2-0de4-4dc3-a947-3b7ae0056eb7'}",['a12142651'],58d90ea8-d031-5617-9290-835744be7e00,e5c833cb-6bfb-42cb-9716-f30b528f2597,28927d76-e097-4f63-8510-e56f2b7a3ad0,M2266,03c9c400-b9e3-4a07-ac0e-05ab470233ed,hld00000501748,,,,,
149,9e51e700-125a-5d0c-aec8-400f882e3078,"{'createdDate': '2022-03-21T22:27:48.464', 'createdByUserId': '60cfc6e2-0de4-4dc3-a947-3b7ae0056eb7', 'updatedDate': '2022-03-21T22:27:48.464', 'updatedByUserId': '60cfc6e2-0de4-4dc3-a947-3b7ae0056eb7'}",['a12142651'],58d90ea8-d031-5617-9290-835744be7e00,e5c833cb-6bfb-42cb-9716-f30b528f2597,28927d76-e097-4f63-8510-e56f2b7a3ad0,M2266 BOX 1,03c9c400-b9e3-4a07-ac0e-05ab470233ed,hld00000501749,,,,,
150,9e51e700-125a-5d0c-aec8-400f882e3078,"{'createdDate': '2022-03-21T22:27:48.464', 'createdByUserId': '60cfc6e2-0de4-4dc3-a947-3b7ae0056eb7', 'updatedDate': '2022-03-21T22:27:48.464', 'updatedByUserId': '60cfc6e2-0de4-4dc3-a947-3b7ae0056eb7'}",['a12142651'],58d90ea8-d031-5617-9290-835744be7e00,e5c833cb-6bfb-42cb-9716-f30b528f2597,28927d76-e097-4f63-8510-e56f2b7a3ad0,M2266 BOX 2,03c9c400-b9e3-4a07-ac0e-05ab470233ed,hld00000501750,,,,,
151,9e51e700-125a-5d0c-aec8-400f882e3078,"{'createdDate': '2022-03-21T22:27:48.464', 'createdByUserId': '60cfc6e2-0de4-4dc3-a947-3b7ae0056eb7', 'updatedDate': '2022-03-21T22:27:48.464', 'updatedByUserId': '60cfc6e2-0de4-4dc3-a947-3b7ae0056eb7'}",['a12142651'],58d90ea8-d031-5617-9290-835744be7e00,e5c833cb-6bfb-42cb-9716-f30b528f2597,28927d76-e097-4f63-8510-e56f2b7a3ad0,M2266 HALF BOX 3,03c9c400-b9e3-4a07-ac0e-05ab470233ed,hld00000501751,,,,,
152,9e51e700-125a-5d0c-aec8-400f882e3078,"{'createdDate': '2022-03-21T22:27:48.464', 'createdByUserId': '60cfc6e2-0de4-4dc3-a947-3b7ae0056eb7', 'updatedDate': '2022-03-21T22:27:48.464', 'updatedByUserId': '60cfc6e2-0de4-4dc3-a947-3b7ae0056eb7'}",['a12142651'],58d90ea8-d031-5617-9290-835744be7e00,e5c833cb-6bfb-42cb-9716-f30b528f2597,28927d76-e097-4f63-8510-e56f2b7a3ad0,M2266 HALF BOX 4,03c9c400-b9e3-4a07-ac0e-05ab470233ed,hld00000501752,,,,,
153,9e51e700-125a-5d0c-aec8-400f882e3078,"{'createdDate': '2022-03-21T22:27:48.465', 'createdByUserId': '60cfc6e2-0de4-4dc3-a947-3b7ae0056eb7', 'updatedDate': '2022-03-21T22:27:48.465', 'updatedByUserId': '60cfc6e2-0de4-4dc3-a947-3b7ae0056eb7'}",['a12142651'],58d90ea8-d031-5617-9290-835744be7e00,e5c833cb-6bfb-42cb-9716-f30b528f2597,28927d76-e097-4f63-8510-e56f2b7a3ad0,M2266 BOX 5,03c9c400-b9e3-4a07-ac0e-05ab470233ed,hld00000501753,,,,,
154,9e51e700-125a-5d0c-aec8-400f882e3078,"{'createdDate': '2022-03-21T22:27:48.465', 'createdByUserId': '60cfc6e2-0de4-4dc3-a947-3b7ae0056eb7', 'updatedDate': '2022-03-21T22:27:48.465', 'updatedByUserId': '60cfc6e2-0de4-4dc3-a947-3b7ae0056eb7'}",['a12142651'],58d90ea8-d031-5617-9290-835744be7e00,e5c833cb-6bfb-42cb-9716-f30b528f2597,28927d76-e097-4f63-8510-e56f2b7a3ad0,M2266 FLAT BOX 6,03c9c400-b9e3-4a07-ac0e-05ab470233ed,hld00000501754,,,,,
155,9e51e700-125a-5d0c-aec8-400f882e3078,"{'createdDate': '2022-03-21T22:27:48.465', 'createdByUserId': '60cfc6e2-0de4-4dc3-a947-3b7ae0056eb7', 'updatedDate': '2022-03-21T22:27:48.465', 'updatedByUserId': '60cfc6e2-0de4-4dc3-a947-3b7ae0056eb7'}",['a12142651'],58d90ea8-d031-5617-9290-835744be7e00,e5c833cb-6bfb-42cb-9716-f30b528f2597,28927d76-e097-4f63-8510-e56f2b7a3ad0,M2266 BOX 7,03c9c400-b9e3-4a07-ac0e-05ab470233ed,hld00000501755,,,,,
156,9e51e700-125a-5d0c-aec8-400f882e3078,"{'createdDate': '2022-03-21T22:27:48.465', 'createdByUserId': '60cfc6e2-0de4-4dc3-a947-3b7ae0056eb7', 'updatedDate': '2022-03-21T22:27:48.465', 'updatedByUserId': '60cfc6e2-0de4-4dc3-a947-3b7ae0056eb7'}",['a12142651'],58d90ea8-d031-5617-9290-835744be7e00,e5c833cb-6bfb-42cb-9716-f30b528f2597,28927d76-e097-4f63-8510-e56f2b7a3ad0,M2266 BOX 8,03c9c400-b9e3-4a07-ac0e-05ab470233ed,hld00000501756,,,,,
157,9e51e700-125a-5d0c-aec8-400f882e3078,"{'createdDate': '2022-03-21T22:27:48.465', 'createdByUserId': '60cfc6e2-0de4-4dc3-a947-3b7ae0056eb7', 'updatedDate': '2022-03-21T22:27:48.465', 'updatedByUserId': '60cfc6e2-0de4-4dc3-a947-3b7ae0056eb7'}",['a12142651'],58d90ea8-d031-5617-9290-835744be7e00,e5c833cb-6bfb-42cb-9716-f30b528f2597,28927d76-e097-4f63-8510-e56f2b7a3ad0,M2266 BOX 9,03c9c400-b9e3-4a07-ac0e-05ab470233ed,hld00000501757,,,,,
158,9e51e700-125a-5d0c-aec8-400f882e3078,"{'createdDate': '2022-03-21T22:27:48.466', 'createdByUserId': '60cfc6e2-0de4-4dc3-a947-3b7ae0056eb7', 'updatedDate': '2022-03-21T22:27:48.466', 'updatedByUserId': '60cfc6e2-0de4-4dc3-a947-3b7ae0056eb7'}",['a12142651'],58d90ea8-d031-5617-9290-835744be7e00,e5c833cb-6bfb-42cb-9716-f30b528f2597,28927d76-e097-4f63-8510-e56f2b7a3ad0,M2266 MAP FOLDER 10,03c9c400-b9e3-4a07-ac0e-05ab470233ed,hld00000501758,,,,,
159,9e51e700-125a-5d0c-aec8-400f882e3078,"{'createdDate': '2022-03-21T22:27:48.466', 'createdByUserId': '60cfc6e2-0de4-4dc3-a947-3b7ae0056eb7', 'updatedDate': '2022-03-21T22:27:48.466', 'updatedByUserId': '60cfc6e2-0de4-4dc3-a947-3b7ae0056eb7'}",['a12142651'],58d90ea8-d031-5617-9290-835744be7e00,e5c833cb-6bfb-42cb-9716-f30b528f2597,28927d76-e097-4f63-8510-e56f2b7a3ad0,M2266 BOX 11,03c9c400-b9e3-4a07-ac0e-05ab470233ed,hld00000501759,,,,,
160,9e51e700-125a-5d0c-aec8-400f882e3078,"{'createdDate': '2022-03-21T22:27:48.466', 'createdByUserId': '60cfc6e2-0de4-4dc3-a947-3b7ae0056eb7', 'updatedDate': '2022-03-21T22:27:48.466', 'updatedByUserId': '60cfc6e2-0de4-4dc3-a947-3b7ae0056eb7'}",['a12142651'],58d90ea8-d031-5617-9290-835744be7e00,e5c833cb-6bfb-42cb-9716-f30b528f2597,28927d76-e097-4f63-8510-e56f2b7a3ad0,M2266 BOX 12,03c9c400-b9e3-4a07-ac0e-05ab470233ed,hld00000501760,,,,,
161,9e51e700-125a-5d0c-aec8-400f882e3078,"{'createdDate': '2022-03-21T22:27:48.466', 'createdByUserId': '60cfc6e2-0de4-4dc3-a947-3b7ae0056eb7', 'updatedDate': '2022-03-21T22:27:48.466', 'updatedByUserId': '60cfc6e2-0de4-4dc3-a947-3b7ae0056eb7'}",['a12142651'],58d90ea8-d031-5617-9290-835744be7e00,e5c833cb-6bfb-42cb-9716-f30b528f2597,28927d76-e097-4f63-8510-e56f2b7a3ad0,M2266 BOX 13,03c9c400-b9e3-4a07-ac0e-05ab470233ed,hld00000501761,,,,,
162,9e51e700-125a-5d0c-aec8-400f882e3078,"{'createdDate': '2022-03-21T22:27:48.466', 'createdByUserId': '60cfc6e2-0de4-4dc3-a947-3b7ae0056eb7', 'updatedDate': '2022-03-21T22:27:48.466', 'updatedByUserId': '60cfc6e2-0de4-4dc3-a947-3b7ae0056eb7'}",['a12142651'],58d90ea8-d031-5617-9290-835744be7e00,e5c833cb-6bfb-42cb-9716-f30b528f2597,28927d76-e097-4f63-8510-e56f2b7a3ad0,M2266 BOX 14,03c9c400-b9e3-4a07-ac0e-05ab470233ed,hld00000501762,,,,,
163,9e51e700-125a-5d0c-aec8-400f882e3078,"{'createdDate': '2022-03-21T22:27:48.467', 'createdByUserId': '60cfc6e2-0de4-4dc3-a947-3b7ae0056eb7', 'updatedDate': '2022-03-21T22:27:48.467', 'updatedByUserId': '60cfc6e2-0de4-4dc3-a947-3b7ae0056eb7'}",['a12142651'],58d90ea8-d031-5617-9290-835744be7e00,e5c833cb-6bfb-42cb-9716-f30b528f2597,28927d76-e097-4f63-8510-e56f2b7a3ad0,M2266 BOX 15,03c9c400-b9e3-4a07-ac0e-05ab470233ed,hld00000501763,,,,,
164,9e51e700-125a-5d0c-aec8-400f882e3078,"{'createdDate': '2022-03-21T22:27:48.467', 'createdByUserId': '60cfc6e2-0de4-4dc3-a947-3b7ae0056eb7', 'updatedDate': '2022-03-21T22:27:48.467', 'updatedByUserId': '60cfc6e2-0de4-4dc3-a947-3b7ae0056eb7'}",['a12142651'],58d90ea8-d031-5617-9290-835744be7e00,e5c833cb-6bfb-42cb-9716-f30b528f2597,28927d76-e097-4f63-8510-e56f2b7a3ad0,M2266 BOX 16,03c9c400-b9e3-4a07-ac0e-05ab470233ed,hld00000501764,,,,,
165,9e51e700-125a-5d0c-aec8-400f882e3078,"{'createdDate': '2022-03-21T22:27:48.467', 'createdByUserId': '60cfc6e2-0de4-4dc3-a947-3b7ae0056eb7', 'updatedDate': '2022-03-21T22:27:48.467', 'updatedByUserId': '60cfc6e2-0de4-4dc3-a947-3b7ae0056eb7'}",['a12142651'],58d90ea8-d031-5617-9290-835744be7e00,e5c833cb-6bfb-42cb-9716-f30b528f2597,28927d76-e097-4f63-8510-e56f2b7a3ad0,M2266 BOX 17,03c9c400-b9e3-4a07-ac0e-05ab470233ed,hld00000501765,,,,,
166,9e51e700-125a-5d0c-aec8-400f882e3078,"{'createdDate': '2022-03-21T22:27:48.467', 'createdByUserId': '60cfc6e2-0de4-4dc3-a947-3b7ae0056eb7', 'updatedDate': '2022-03-21T22:27:48.467', 'updatedByUserId': '60cfc6e2-0de4-4dc3-a947-3b7ae0056eb7'}",['a12142651'],58d90ea8-d031-5617-9290-835744be7e00,e5c833cb-6bfb-42cb-9716-f30b528f2597,28927d76-e097-4f63-8510-e56f2b7a3ad0,M2266 BOX 18,03c9c400-b9e3-4a07-ac0e-05ab470233ed,hld00000501766,,,,,
167,9e51e700-125a-5d0c-aec8-400f882e3078,"{'createdDate': '2022-03-21T22:27:48.467', 'createdByUserId': '60cfc6e2-0de4-4dc3-a947-3b7ae0056eb7', 'updatedDate': '2022-03-21T22:27:48.467', 'updatedByUserId': '60cfc6e2-0de4-4dc3-a947-3b7ae0056eb7'}",['a12142651'],58d90ea8-d031-5617-9290-835744be7e00,e5c833cb-6bfb-42cb-9716-f30b528f2597,28927d76-e097-4f63-8510-e56f2b7a3ad0,M2266 BOX 19,03c9c400-b9e3-4a07-ac0e-05ab470233ed,hld00000501767,,,,,
168,9e51e700-125a-5d0c-aec8-400f882e3078,"{'createdDate': '2022-03-21T22:27:48.468', 'createdByUserId': '60cfc6e2-0de4-4dc3-a947-3b7ae0056eb7', 'updatedDate': '2022-03-21T22:27:48.468', 'updatedByUserId': '60cfc6e2-0de4-4dc3-a947-3b7ae0056eb7'}",['a12142651'],58d90ea8-d031-5617-9290-835744be7e00,e5c833cb-6bfb-42cb-9716-f30b528f2597,28927d76-e097-4f63-8510-e56f2b7a3ad0,M2266 BOX 20,03c9c400-b9e3-4a07-ac0e-05ab470233ed,hld00000501768,,,,,
169,0e621962-bdc2-5628-bf7a-c9271b42c8bd,"{'createdDate': '2022-03-21T22:27:48.468', 'createdByUserId': '60cfc6e2-0de4-4dc3-a947-3b7ae0056eb7', 'updatedDate': '2022-03-21T22:27:48.468', 'updatedByUserId': '60cfc6e2-0de4-4dc3-a947-3b7ae0056eb7'}",['a4136471'],b229f5ab-0ade-5377-844f-8359ef271261,e5c833cb-6bfb-42cb-9716-f30b528f2597,95467209-6d7b-468b-94df-0f5d7ad2747d,Z6621 .M912 1999 T,03c9c400-b9e3-4a07-ac0e-05ab470233ed,hld00000501769,,,,,
170,b6648d04-8785-5477-9531-efbf5d51398a,"{'createdDate': '2022-03-21T22:27:48.468', 'createdByUserId': '60cfc6e2-0de4-4dc3-a947-3b7ae0056eb7', 'updatedDate': '2022-03-21T22:27:48.468', 'updatedByUserId': '60cfc6e2-0de4-4dc3-a947-3b7ae0056eb7'}",['a942523'],69213d22-e55d-5feb-843a-8c797c559753,e5c833cb-6bfb-42cb-9716-f30b528f2597,95467209-6d7b-468b-94df-0f5d7ad2747d,BL180.W6 1726,03c9c400-b9e3-4a07-ac0e-05ab470233ed,hld00000501770,[],[],[],[],[]
171,f48d05f5-326f-5b56-a6a1-0c36961e06b4,"{'createdDate': '2022-03-21T22:27:48.469', 'createdByUserId': '60cfc6e2-0de4-4dc3-a947-3b7ae0056eb7', 'updatedDate': '2022-03-21T22:27:48.469', 'updatedByUserId': '60cfc6e2-0de4-4dc3-a947-3b7ae0056eb7'}",['a14055231'],99a0a72d-c3ef-598b-a939-74c7e018a77e,12dd4e67-20d2-4ba3-81a7-7c024fd26510,95467209-6d7b-468b-94df-0f5d7ad2747d,KF8958 .I49 2022,03c9c400-b9e3-4a07-ac0e-05ab470233ed,hld00000501771,[],[],[],[],[]
172,2835df5a-5d92-5a03-8321-1d4f1d64d48d,"{'createdDate': '2022-03-21T22:27:48.469', 'createdByUserId': '60cfc6e2-0de4-4dc3-a947-3b7ae0056eb7', 'updatedDate': '2022-03-21T22:27:48.469', 'updatedByUserId': '60cfc6e2-0de4-4dc3-a947-3b7ae0056eb7'}",['a12120210'],1722edc3-a7b3-5dae-ae16-3dfddf6041b8,d8f03ccd-2639-4eff-acf8-bbdd1ffe715f,95467209-6d7b-468b-94df-0f5d7ad2747d,KFC1165 .A15 C35,03c9c400-b9e3-4a07-ac0e-05ab470233ed,hld00000501772,[],[],[],[],[]
173,2835df5a-5d92-5a03-8321-1d4f1d64d48d,"{'createdDate': '2022-03-21T22:27:48.470', 'createdByUserId': '60cfc6e2-0de4-4dc3-a947-3b7ae0056eb7', 'updatedDate': '2022-03-21T22:27:48.470', 'updatedByUserId': '60cfc6e2-0de4-4dc3-a947-3b7ae0056eb7'}",['a12120210'],1722edc3-a7b3-5dae-ae16-3dfddf6041b8,12dd4e67-20d2-4ba3-81a7-7c024fd26510,95467209-6d7b-468b-94df-0f5d7ad2747d,KFC1165 .A15 C35,03c9c400-b9e3-4a07-ac0e-05ab470233ed,hld00000501773,,,,,
174,730a9d1d-eeff-593b-81f4-80088cc8a0e9,"{'createdDate': '2022-03-21T22:27:48.470', 'createdByUserId': '60cfc6e2-0de4-4dc3-a947-3b7ae0056eb7', 'updatedDate': '2022-03-21T22:27:48.470', 'updatedByUserId': '60cfc6e2-0de4-4dc3-a947-3b7ae0056eb7'}",['a12726987'],ad314710-c715-5f15-86f2-2a8b39df25d8,12dd4e67-20d2-4ba3-81a7-7c024fd26510,95467209-6d7b-468b-94df-0f5d7ad2747d,KFC1155 .L472,03c9c400-b9e3-4a07-ac0e-05ab470233ed,hld00000501774,,,,,
175,b18be83d-5bce-52e4-a317-739d84906585,"{'createdDate': '2022-03-21T22:27:48.470', 'createdByUserId': '60cfc6e2-0de4-4dc3-a947-3b7ae0056eb7', 'updatedDate': '2022-03-21T22:27:48.470', 'updatedByUserId': '60cfc6e2-0de4-4dc3-a947-3b7ae0056eb7'}",['a1815293'],6e383d6b-3d1c-55b3-b23f-67d3e5844828,7353526c-c17b-4056-8ad3-7125ef41324c,95467209-6d7b-468b-94df-0f5d7ad2747d,KF6491 .G7 1990,03c9c400-b9e3-4a07-ac0e-05ab470233ed,hld00000501775,[],[],[],[],[]
176,bb734621-eb7c-5a82-86f4-95791e40935e,"{'createdDate': '2022-03-21T22:27:48.471', 'createdByUserId': '60cfc6e2-0de4-4dc3-a947-3b7ae0056eb7', 'updatedDate': '2022-03-21T22:27:48.471', 'updatedByUserId': '60cfc6e2-0de4-4dc3-a947-3b7ae0056eb7'}",['a10401575'],82915b66-b627-53c6-93a0-f79ecf620a87,e5c833cb-6bfb-42cb-9716-f30b528f2597,28927d76-e097-4f63-8510-e56f2b7a3ad0,ZDVD 32409,03c9c400-b9e3-4a07-ac0e-05ab470233ed,hld00000501776,[],[],[],[],[]
177,3c12083d-0f47-5f61-9b51-d2c876d7293d,"{'createdDate': '2022-03-21T22:27:48.472', 'createdByUserId': '60cfc6e2-0de4-4dc3-a947-3b7ae0056eb7', 'updatedDate': '2022-03-21T22:27:48.472', 'updatedByUserId': '60cfc6e2-0de4-4dc3-a947-3b7ae0056eb7'}",['a14156905'],c14d58a1-62d3-580c-967f-990bb8ab21f3,e5c833cb-6bfb-42cb-9716-f30b528f2597,28927d76-e097-4f63-8510-e56f2b7a3ad0,ZDVD 46554 BLU-RAY,03c9c400-b9e3-4a07-ac0e-05ab470233ed,hld00000501777,,,,,
178,81bb0fe4-4af0-52a0-b074-0bf05e3660c2,"{'createdDate': '2022-03-21T22:27:48.472', 'createdByUserId': '60cfc6e2-0de4-4dc3-a947-3b7ae0056eb7', 'updatedDate': '2022-03-21T22:27:48.472', 'updatedByUserId': '60cfc6e2-0de4-4dc3-a947-3b7ae0056eb7'}",['a14156896'],07d36fe5-f91d-5514-9695-17b038d27078,e5c833cb-6bfb-42cb-9716-f30b528f2597,28927d76-e097-4f63-8510-e56f2b7a3ad0,ZDVD 46553 BLU-RAY,03c9c400-b9e3-4a07-ac0e-05ab470233ed,hld00000501778,,,,,
179,81ea0ef8-d4b7-5c8e-b2e9-946310fbe7f0,"{'createdDate': '2022-03-21T22:27:48.472', 'createdByUserId': '60cfc6e2-0de4-4dc3-a947-3b7ae0056eb7', 'updatedDate': '2022-03-21T22:27:48.472', 'updatedByUserId': '60cfc6e2-0de4-4dc3-a947-3b7ae0056eb7'}",['a13493630'],e53c05f6-acd2-569b-9a21-5e35b385638e,e5c833cb-6bfb-42cb-9716-f30b528f2597,28927d76-e097-4f63-8510-e56f2b7a3ad0,ZMS 4540,03c9c400-b9e3-4a07-ac0e-05ab470233ed,hld00000501779,[],[],[],[],[]
180,ad514c30-246d-599d-a3f8-293e3f0b70eb,"{'createdDate': '2022-03-21T22:27:48.472', 'createdByUserId': '60cfc6e2-0de4-4dc3-a947-3b7ae0056eb7', 'updatedDate': '2022-03-21T22:27:48.472', 'updatedByUserId': '60cfc6e2-0de4-4dc3-a947-3b7ae0056eb7'}",['a11993351'],921c0f2f-30a3-5371-9b47-9504248d9a38,e5c833cb-6bfb-42cb-9716-f30b528f2597,95467209-6d7b-468b-94df-0f5d7ad2747d,BR133 .G83 M985 2015,03c9c400-b9e3-4a07-ac0e-05ab470233ed,hld00000501780,,,,,
181,9598efda-5460-5205-a836-df0445e0d244,"{'createdDate': '2022-03-21T22:27:48.473', 'createdByUserId': '60cfc6e2-0de4-4dc3-a947-3b7ae0056eb7', 'updatedDate': '2022-03-21T22:27:48.473', 'updatedByUserId': '60cfc6e2-0de4-4dc3-a947-3b7ae0056eb7'}",['a5660140'],e62dfa0e-9032-5b2c-b374-e511a69a99cd,7dde224d-d55a-4526-9459-8a858168d02a,95467209-6d7b-468b-94df-0f5d7ad2747d,NK1510 .I52,03c9c400-b9e3-4a07-ac0e-05ab470233ed,hld00000501781,,,,,
182,01f1f9e3-8c65-5914-9160-182c413e68a1,"{'createdDate': '2022-03-21T22:27:48.473', 'createdByUserId': '60cfc6e2-0de4-4dc3-a947-3b7ae0056eb7', 'updatedDate': '2022-03-21T22:27:48.473', 'updatedByUserId': '60cfc6e2-0de4-4dc3-a947-3b7ae0056eb7'}",['a13877644'],7df0d1d7-eca5-54c8-84a8-c004767e0de1,00a7ea4c-fc1e-4c37-835c-9a3ca25da417,95467209-6d7b-468b-94df-0f5d7ad2747d,M522 .P135 W9 2021 F,03c9c400-b9e3-4a07-ac0e-05ab470233ed,hld00000501782,,,,,
183,67c652d3-4e41-5609-b46a-c819e16314c1,"{'createdDate': '2022-03-21T22:27:48.473', 'createdByUserId': '60cfc6e2-0de4-4dc3-a947-3b7ae0056eb7', 'updatedDate': '2022-03-21T22:27:48.473', 'updatedByUserId': '60cfc6e2-0de4-4dc3-a947-3b7ae0056eb7'}",['a13937533'],719d2010-e44a-5395-bd2f-81c01f6be649,00a7ea4c-fc1e-4c37-835c-9a3ca25da417,95467209-6d7b-468b-94df-0f5d7ad2747d,M322 .H112 S9 2021 F,03c9c400-b9e3-4a07-ac0e-05ab470233ed,hld00000501783,,,,,
184,a0b2fe8a-8bb8-5753-9927-528fe5a72952,"{'createdDate': '2022-03-21T22:27:48.474', 'createdByUserId': '60cfc6e2-0de4-4dc3-a947-3b7ae0056eb7', 'updatedDate': '2022-03-21T22:27:48.474', 'updatedByUserId': '60cfc6e2-0de4-4dc3-a947-3b7ae0056eb7'}",['a13899115'],9c78faa7-a506-50de-8e09-8f3adb7a410e,00a7ea4c-fc1e-4c37-835c-9a3ca25da417,95467209-6d7b-468b-94df-0f5d7ad2747d,M298 .F791 R3 2020 F,03c9c400-b9e3-4a07-ac0e-05ab470233ed,hld00000501784,,,,,
